DNI1;DNI2;UNI;PERI_MES;INDICADOR;CODI_SERVI;NOM_SERV;CODI_SENTI;PERI_DIA;PERI_HORA;POSI_BUS;POSI_PUNTO;PASA_ACT;PASA_ANT;INT_OBS;INT_EXI;INCUM;PPU_ACT;PPU_ANT;CODI_EXPED;TIPO_DIA;TIPO_ESTACIONALIDAD
96711420;77130027;UN04;202109;0,00;376;104;0;01/09/2021;6;1;1;01/09/2021 06:12:48;;0,00;6,67;-6,67;HDSB58;;30490792;0;0
96711420;77130027;UN04;202109;0,00;376;104;0;01/09/2021;6;2;1;01/09/2021 06:19:47;;0,00;6,67;-6,67;JWTG29;;30491572;0;0
96711420;77130027;UN04;202109;0,00;376;104;0;01/09/2021;6;3;1;01/09/2021 06:25:54;;0,00;6,67;-6,67;JJYW74;;30491878;0;0
96711420;77130027;UN04;202109;0,00;376;104;0;01/09/2021;6;4;1;01/09/2021 06:34:48;;0,00;6,67;-6,67;JRKG10;;30492411;0;0
96711420;77130027;UN04;202109;0,00;376;104;0;01/09/2021;6;5;1;01/09/2021 06:42:24;;0,00;6,67;-6,67;JCGC63;;30492629;0;0
96711420;77130027;UN04;202109;0,00;376;104;0;01/09/2021;6;6;1;01/09/2021 06:50:48;;0,00;6,67;-6,67;HLZW79;;30493402;0;0
96711420;77130027;UN04;202109;0,00;376;104;0;01/09/2021;6;7;1;01/09/2021 06:55:16;;0,00;6,67;-6,67;JXWH40;;30493640;0;0
96711420;77130027;UN04;202109;0,00;376;104;0;01/09/2021;6;8;1;01/09/2021 06:59:46;;0,00;6,67;-6,67;GPGH32;;30493970;0;0
96711420;77130027;UN04;202109;0,00;376;104;0;01/09/2021;6;1;2;01/09/2021 06:15:19;;0,00;6,67;-6,67;HDSB58;;30490792;0;0
96711420;77130027;UN04;202109;0,00;376;104;0;01/09/2021;6;2;2;01/09/2021 06:21:48;;0,00;6,67;-6,67;JWTG29;;30491572;0;0
96711420;77130027;UN04;202109;0,00;376;104;0;01/09/2021;6;3;2;01/09/2021 06:30:23;;0,00;6,67;-6,67;JJYW74;;30491878;0;0
96711420;77130027;UN04;202109;0,00;376;104;0;01/09/2021;6;4;2;01/09/2021 06:37:48;;0,00;6,67;-6,67;JRKG10;;30492411;0;0
96711420;77130027;UN04;202109;0,00;376;104;0;01/09/2021;6;5;2;01/09/2021 06:44:25;;0,00;6,67;-6,67;JCGC63;;30492629;0;0
96711420;77130027;UN04;202109;0,00;376;104;0;01/09/2021;6;6;2;01/09/2021 06:52:48;;0,00;6,67;-6,67;HLZW79;;30493402;0;0
96711420;77130027;UN04;202109;0,00;376;104;0;01/09/2021;6;7;2;01/09/2021 06:58:47;;0,00;6,67;-6,67;JXWH40;;30493640;0;0
96711420;77130027;UN04;202109;0,00;376;104;0;01/09/2021;6;8;2;01/09/2021 07:02:17;;0,00;6,67;-6,67;GPGH32;;30493970;0;0
96711420;77130027;UN04;202109;0,00;378;104Y1;1;01/09/2021;7;1;1;01/09/2021 07:03:52;;0,00;15,00;-15,00;LVKR46;;30493978;0;0
96711420;77130027;UN04;202109;0,00;378;104Y1;1;01/09/2021;7;2;1;01/09/2021 07:12:24;;0,00;15,00;-15,00;XY9706;;30494698;0;0
96711420;77130027;UN04;202109;0,00;378;104Y1;1;01/09/2021;7;3;1;01/09/2021 07:39:19;;0,00;15,00;-15,00;FXRR73;;30496283;0;0
96711420;77130027;UN04;202109;0,00;376;104;0;01/09/2021;7;1;1;01/09/2021 07:05:49;;0,00;5,00;-5,00;XW8291;;30494303;0;0
96711420;77130027;UN04;202109;0,00;376;104;0;01/09/2021;7;2;1;01/09/2021 07:11:20;;0,00;5,00;-5,00;HYYY47;;30494332;0;0
96711420;77130027;UN04;202109;0,00;376;104;0;01/09/2021;7;3;1;01/09/2021 07:16:20;;0,00;5,00;-5,00;ZP9696;;30494662;0;0
96711420;77130027;UN04;202109;0,00;376;104;0;01/09/2021;7;4;1;01/09/2021 07:20:16;;0,00;5,00;-5,00;GWZK23;;30495149;0;0
96711420;77130027;UN04;202109;0,00;376;104;0;01/09/2021;7;5;1;01/09/2021 07:24:47;;0,00;5,00;-5,00;HSKJ30;;30495412;0;0
96711420;77130027;UN04;202109;0,00;376;104;0;01/09/2021;7;6;1;01/09/2021 07:36:20;;0,00;5,00;-5,00;ZR1738;;30495895;0;0
96711420;77130027;UN04;202109;0,00;376;104;0;01/09/2021;7;7;1;01/09/2021 07:45:23;;0,00;5,00;-5,00;XL7858;;30496643;0;0
96711420;77130027;UN04;202109;0,00;376;104;0;01/09/2021;7;8;1;01/09/2021 07:51:51;;0,00;5,00;-5,00;WR9412;;30497030;0;0
96711420;77130027;UN04;202109;0,00;376;104;0;01/09/2021;7;9;1;01/09/2021 07:56:20;;0,00;5,00;-5,00;JWYJ53;;30497330;0;0
96711420;77130027;UN04;202109;0,00;378;104Y1;1;01/09/2021;7;1;2;01/09/2021 07:08:19;;0,00;15,00;-15,00;LVKR46;;30493978;0;0
96711420;77130027;UN04;202109;0,00;378;104Y1;1;01/09/2021;7;2;2;01/09/2021 07:15:53;;0,00;15,00;-15,00;XY9706;;30494698;0;0
96711420;77130027;UN04;202109;0,00;378;104Y1;1;01/09/2021;7;3;2;01/09/2021 07:43:19;;0,00;15,00;-15,00;FXRR73;;30496283;0;0
96711420;77130027;UN04;202109;0,00;376;104;1;01/09/2021;7;1;1;01/09/2021 07:08:23;;0,00;12,00;-12,00;HYCZ32;;30494189;0;0
96711420;77130027;UN04;202109;0,00;376;104;1;01/09/2021;7;2;1;01/09/2021 07:17:53;;0,00;12,00;-12,00;BHWD19;;30494785;0;0
96711420;77130027;UN04;202109;0,00;376;104;1;01/09/2021;7;3;1;01/09/2021 07:25:49;;0,00;12,00;-12,00;FPRY34;;30495465;0;0
96711420;77130027;UN04;202109;0,00;376;104;1;01/09/2021;7;4;1;01/09/2021 07:32:55;;0,00;12,00;-12,00;YW6567;;30495690;0;0
96711420;77130027;UN04;202109;0,00;376;104;1;01/09/2021;7;5;1;01/09/2021 07:49:45;;0,00;12,00;-12,00;HDSB58;;30496946;0;0
96711420;77130027;UN04;202109;0,00;376;104;1;01/09/2021;7;6;1;01/09/2021 07:58:49;;0,00;12,00;-12,00;JWTG29;;30497513;0;0
96711420;77130027;UN04;202109;0,00;376;104;0;01/09/2021;7;1;2;01/09/2021 07:08:48;;0,00;5,00;-5,00;XW8291;;30494303;0;0
96711420;77130027;UN04;202109;0,00;376;104;0;01/09/2021;7;2;2;01/09/2021 07:13:49;;0,00;5,00;-5,00;HYYY47;;30494332;0;0
96711420;77130027;UN04;202109;0,00;376;104;0;01/09/2021;7;3;2;01/09/2021 07:19:50;;0,00;5,00;-5,00;ZP9696;;30494662;0;0
96711420;77130027;UN04;202109;0,00;376;104;0;01/09/2021;7;4;2;01/09/2021 07:23:51;;0,00;5,00;-5,00;GWZK23;;30495149;0;0
96711420;77130027;UN04;202109;0,00;376;104;0;01/09/2021;7;5;2;01/09/2021 07:29:16;;0,00;5,00;-5,00;HSKJ30;;30495412;0;0
96711420;77130027;UN04;202109;0,00;376;104;0;01/09/2021;7;6;2;01/09/2021 07:40:23;;0,00;5,00;-5,00;ZR1738;;30495895;0;0
96711420;77130027;UN04;202109;0,00;376;104;0;01/09/2021;7;7;2;01/09/2021 07:48:24;;0,00;5,00;-5,00;XL7858;;30496643;0;0
96711420;77130027;UN04;202109;0,00;376;104;0;01/09/2021;7;8;2;01/09/2021 07:54:46;;0,00;5,00;-5,00;WR9412;;30497030;0;0
96711420;77130027;UN04;202109;0,00;376;104;0;01/09/2021;7;9;2;01/09/2021 07:58:54;;0,00;5,00;-5,00;JWYJ53;;30497330;0;0
96711420;77130027;UN04;202109;0,00;376;104;1;01/09/2021;7;1;2;01/09/2021 07:15:55;;0,00;12,00;-12,00;HYCZ32;;30494189;0;0
96711420;77130027;UN04;202109;0,00;376;104;1;01/09/2021;7;2;2;01/09/2021 07:27:49;;0,00;12,00;-12,00;BHWD19;;30494785;0;0
96711420;77130027;UN04;202109;0,00;376;104;1;01/09/2021;7;3;2;01/09/2021 07:33:48;;0,00;12,00;-12,00;FPRY34;;30495465;0;0
96711420;77130027;UN04;202109;0,00;376;104;1;01/09/2021;7;4;2;01/09/2021 07:40:20;;0,00;12,00;-12,00;YW6567;;30495690;0;0
96711420;77130027;UN04;202109;0,00;376;104;1;01/09/2021;7;5;2;01/09/2021 07:59:21;;0,00;12,00;-12,00;HDSB58;;30496946;0;0
96711420;77130027;UN04;202109;0,00;376;104;1;01/09/2021;7;6;2;01/09/2021 08:10:16;;0,00;12,00;-12,00;JWTG29;;30497513;0;0
96711420;77130027;UN04;202109;0,00;376;104;0;01/09/2021;6;1;18;01/09/2021 07:48:21;;0,00;6,67;-6,67;HDSB58;;30490792;0;0
96711420;77130027;UN04;202109;0,00;376;104;0;01/09/2021;6;2;18;01/09/2021 07:57:37;;0,00;6,67;-6,67;JWTG29;;30491572;0;0
96711420;77130027;UN04;202109;0,00;376;104;0;01/09/2021;6;3;18;01/09/2021 08:03:59;;0,00;6,67;-6,67;JJYW74;;30491878;0;0
96711420;77130027;UN04;202109;0,00;376;104;0;01/09/2021;6;4;18;01/09/2021 08:08:50;;0,00;6,67;-6,67;JRKG10;;30492411;0;0
96711420;77130027;UN04;202109;0,00;376;104;0;01/09/2021;6;5;18;01/09/2021 08:18:12;;0,00;6,67;-6,67;JCGC63;;30492629;0;0
96711420;77130027;UN04;202109;0,00;376;104;0;01/09/2021;6;6;18;01/09/2021 08:21:53;;0,00;6,67;-6,67;HLZW79;;30493402;0;0
96711420;77130027;UN04;202109;0,00;376;104;0;01/09/2021;6;7;18;01/09/2021 08:25:54;;0,00;6,67;-6,67;JXWH40;;30493640;0;0
96711420;77130027;UN04;202109;0,00;376;104;0;01/09/2021;6;8;18;01/09/2021 08:29:50;;0,00;6,67;-6,67;GPGH32;;30493970;0;0
96711420;77130027;UN04;202109;0,00;376;104;0;01/09/2021;8;1;1;01/09/2021 08:05:20;;0,00;5,00;-5,00;JDYK21;;30497840;0;0
96711420;77130027;UN04;202109;0,00;376;104;0;01/09/2021;8;2;1;01/09/2021 08:10:18;;0,00;5,00;-5,00;CGJX40;;30498142;0;0
96711420;77130027;UN04;202109;0,00;376;104;0;01/09/2021;8;3;1;01/09/2021 08:15:48;;0,00;5,00;-5,00;LBFZ50;;30498533;0;0
96711420;77130027;UN04;202109;0,00;376;104;0;01/09/2021;8;4;1;01/09/2021 08:20:22;;0,00;5,00;-5,00;FXZW67;;30498775;0;0
96711420;77130027;UN04;202109;0,00;376;104;0;01/09/2021;8;5;1;01/09/2021 08:26:24;;0,00;5,00;-5,00;LVKR46;;30498237;0;0
96711420;77130027;UN04;202109;0,00;376;104;0;01/09/2021;8;6;1;01/09/2021 08:30:24;;0,00;5,00;-5,00;XY9706;;30499379;0;0
96711420;77130027;UN04;202109;0,00;376;104;0;01/09/2021;8;7;1;01/09/2021 08:45:18;;0,00;5,00;-5,00;HWHH92;;30500182;0;0
96711420;77130027;UN04;202109;0,00;376;104;0;01/09/2021;8;8;1;01/09/2021 08:51:20;;0,00;5,00;-5,00;FXRR73;;30500064;0;0
96711420;77130027;UN04;202109;0,00;376;104;0;01/09/2021;8;9;1;01/09/2021 08:55:22;;0,00;5,00;-5,00;DPYV64;;30500840;0;0
96711420;77130027;UN04;202109;0,00;376;104;0;01/09/2021;8;10;1;01/09/2021 08:59:22;;0,00;5,00;-5,00;GFZR40;;30501117;0;0
96711420;77130027;UN04;202109;0,00;378;104Y1;1;01/09/2021;7;1;20;01/09/2021 08:06:24;;0,00;15,00;-15,00;LVKR46;;30493978;0;0
96711420;77130027;UN04;202109;0,00;378;104Y1;1;01/09/2021;7;2;20;01/09/2021 08:15:55;;0,00;15,00;-15,00;XY9706;;30494698;0;0
96711420;77130027;UN04;202109;0,00;378;104Y1;1;01/09/2021;7;3;20;01/09/2021 08:37:20;;0,00;15,00;-15,00;FXRR73;;30496283;0;0
96711420;77130027;UN04;202109;0,00;376;104;1;01/09/2021;8;1;1;01/09/2021 08:07:52;;0,00;6,67;-6,67;JJYW74;;30497909;0;0
96711420;77130027;UN04;202109;0,00;376;104;1;01/09/2021;8;2;1;01/09/2021 08:20:49;;0,00;6,67;-6,67;JCGC63;;30498743;0;0
96711420;77130027;UN04;202109;0,00;376;104;1;01/09/2021;8;3;1;01/09/2021 08:27:13;;0,00;6,67;-6,67;JXWH40;;30499199;0;0
96711420;77130027;UN04;202109;0,00;376;104;1;01/09/2021;8;4;1;01/09/2021 08:27:18;;0,00;6,67;-6,67;HLZW79;;30498998;0;0
96711420;77130027;UN04;202109;0,00;376;104;1;01/09/2021;8;5;1;01/09/2021 08:36:49;;0,00;6,67;-6,67;GPGH32;;30499773;0;0
96711420;77130027;UN04;202109;0,00;376;104;1;01/09/2021;8;6;1;01/09/2021 08:42:25;;0,00;6,67;-6,67;XW8291;;30499945;0;0
96711420;77130027;UN04;202109;0,00;376;104;1;01/09/2021;8;7;1;01/09/2021 08:50:05;;0,00;6,67;-6,67;HYYY47;;30500549;0;0
96711420;77130027;UN04;202109;0,00;376;104;1;01/09/2021;8;8;1;01/09/2021 08:52:48;;0,00;6,67;-6,67;ZP9696;;30500742;0;0
96711420;77130027;UN04;202109;0,00;376;104;1;01/09/2021;8;9;1;01/09/2021 08:58:48;;0,00;6,67;-6,67;GWZK23;;30500907;0;0
96711420;77130027;UN04;202109;0,00;376;104;0;01/09/2021;8;1;2;01/09/2021 08:08:54;;0,00;5,00;-5,00;JDYK21;;30497840;0;0
96711420;77130027;UN04;202109;0,00;376;104;0;01/09/2021;8;2;2;01/09/2021 08:13:49;;0,00;5,00;-5,00;CGJX40;;30498142;0;0
96711420;77130027;UN04;202109;0,00;376;104;0;01/09/2021;8;3;2;01/09/2021 08:19:48;;0,00;5,00;-5,00;LBFZ50;;30498533;0;0
96711420;77130027;UN04;202109;0,00;376;104;0;01/09/2021;8;4;2;01/09/2021 08:23:52;;0,00;5,00;-5,00;FXZW67;;30498775;0;0
96711420;77130027;UN04;202109;0,00;376;104;0;01/09/2021;8;5;2;01/09/2021 08:29:54;;0,00;5,00;-5,00;LVKR46;;30498237;0;0
96711420;77130027;UN04;202109;0,00;376;104;0;01/09/2021;8;6;2;01/09/2021 08:33:25;;0,00;5,00;-5,00;XY9706;;30499379;0;0
96711420;77130027;UN04;202109;0,00;376;104;0;01/09/2021;8;7;2;01/09/2021 08:49:47;;0,00;5,00;-5,00;HWHH92;;30500182;0;0
96711420;77130027;UN04;202109;0,00;376;104;0;01/09/2021;8;8;2;01/09/2021 08:54:20;;0,00;5,00;-5,00;FXRR73;;30500064;0;0
96711420;77130027;UN04;202109;0,00;376;104;0;01/09/2021;8;9;2;01/09/2021 08:59:22;;0,00;5,00;-5,00;DPYV64;;30500840;0;0
96711420;77130027;UN04;202109;0,00;376;104;0;01/09/2021;8;10;2;01/09/2021 09:02:22;;0,00;5,00;-5,00;GFZR40;;30501117;0;0
96711420;77130027;UN04;202109;0,00;376;104;1;01/09/2021;8;1;2;01/09/2021 08:12:53;;0,00;6,67;-6,67;JJYW74;;30497909;0;0
96711420;77130027;UN04;202109;0,00;376;104;1;01/09/2021;8;2;2;01/09/2021 08:26:20;;0,00;6,67;-6,67;JCGC63;;30498743;0;0
96711420;77130027;UN04;202109;0,00;376;104;1;01/09/2021;8;3;2;01/09/2021 08:33:34;;0,00;6,67;-6,67;HLZW79;;30498998;0;0
96711420;77130027;UN04;202109;0,00;376;104;1;01/09/2021;8;4;2;01/09/2021 08:39:47;;0,00;6,67;-6,67;JXWH40;;30499199;0;0
96711420;77130027;UN04;202109;0,00;376;104;1;01/09/2021;8;5;2;01/09/2021 08:45:47;;0,00;6,67;-6,67;GPGH32;;30499773;0;0
96711420;77130027;UN04;202109;0,00;376;104;1;01/09/2021;8;6;2;01/09/2021 08:50:51;;0,00;6,67;-6,67;XW8291;;30499945;0;0
96711420;77130027;UN04;202109;0,00;376;104;1;01/09/2021;8;7;2;01/09/2021 08:56:20;;0,00;6,67;-6,67;HYYY47;;30500549;0;0
96711420;77130027;UN04;202109;0,00;376;104;1;01/09/2021;8;8;2;01/09/2021 09:01:48;;0,00;6,67;-6,67;ZP9696;;30500742;0;0
96711420;77130027;UN04;202109;0,00;376;104;1;01/09/2021;8;9;2;01/09/2021 09:06:23;;0,00;6,67;-6,67;GWZK23;;30500907;0;0
96711420;77130027;UN04;202109;0,00;376;104;0;01/09/2021;7;1;18;01/09/2021 08:38:10;;0,00;5,00;-5,00;XW8291;;30494303;0;0
96711420;77130027;UN04;202109;0,00;376;104;0;01/09/2021;7;2;18;01/09/2021 08:45:49;;0,00;5,00;-5,00;HYYY47;;30494332;0;0
96711420;77130027;UN04;202109;0,00;376;104;0;01/09/2021;7;3;18;01/09/2021 08:50:48;;0,00;5,00;-5,00;ZP9696;;30494662;0;0
96711420;77130027;UN04;202109;0,00;376;104;0;01/09/2021;7;4;18;01/09/2021 08:54:22;;0,00;5,00;-5,00;GWZK23;;30495149;0;0
96711420;77130027;UN04;202109;0,00;376;104;0;01/09/2021;7;5;18;01/09/2021 08:57:47;;0,00;5,00;-5,00;HSKJ30;;30495412;0;0
96711420;77130027;UN04;202109;0,00;376;104;0;01/09/2021;7;6;18;01/09/2021 09:10:37;;0,00;5,00;-5,00;ZR1738;;30495895;0;0
96711420;77130027;UN04;202109;0,00;376;104;0;01/09/2021;7;7;18;01/09/2021 09:18:24;;0,00;5,00;-5,00;XL7858;;30496643;0;0
96711420;77130027;UN04;202109;0,00;376;104;0;01/09/2021;7;8;18;01/09/2021 09:24:46;;0,00;5,00;-5,00;WR9412;;30497030;0;0
96711420;77130027;UN04;202109;0,00;376;104;0;01/09/2021;7;9;18;01/09/2021 09:25:54;;0,00;5,00;-5,00;JWYJ53;;30497330;0;0
96711420;77130027;UN04;202109;0,00;376;104;1;01/09/2021;7;1;29;01/09/2021 08:48:23;;0,00;12,00;-12,00;HYCZ32;;30494189;0;0
96711420;77130027;UN04;202109;0,00;376;104;1;01/09/2021;7;2;29;01/09/2021 08:58:25;;0,00;12,00;-12,00;BHWD19;;30494785;0;0
96711420;77130027;UN04;202109;0,00;376;104;1;01/09/2021;7;3;29;01/09/2021 09:02:16;;0,00;12,00;-12,00;FPRY34;;30495465;0;0
96711420;77130027;UN04;202109;0,00;376;104;1;01/09/2021;7;4;29;01/09/2021 09:08:23;;0,00;12,00;-12,00;YW6567;;30495690;0;0
96711420;77130027;UN04;202109;0,00;376;104;1;01/09/2021;7;5;29;01/09/2021 09:26:51;;0,00;12,00;-12,00;HDSB58;;30496946;0;0
96711420;77130027;UN04;202109;0,00;376;104;1;01/09/2021;7;6;29;01/09/2021 09:29:47;;0,00;12,00;-12,00;JWTG29;;30497513;0;0
96711420;77130027;UN04;202109;0,00;376;104;1;01/09/2021;9;1;1;01/09/2021 09:03:19;;0,00;6,67;-6,67;HSKJ30;;30501238;0;0
96711420;77130027;UN04;202109;0,00;376;104;1;01/09/2021;9;2;1;01/09/2021 09:12:48;;0,00;6,67;-6,67;ZR1738;;30501953;0;0
96711420;77130027;UN04;202109;0,00;376;104;1;01/09/2021;9;3;1;01/09/2021 09:22:40;;0,00;6,67;-6,67;XL7858;;30502524;0;0
96711420;77130027;UN04;202109;0,00;376;104;1;01/09/2021;9;4;1;01/09/2021 09:33:16;;0,00;6,67;-6,67;JWYJ53;;30502885;0;0
96711420;77130027;UN04;202109;0,00;376;104;1;01/09/2021;9;5;1;01/09/2021 09:44:20;;0,00;6,67;-6,67;JDYK21;;30503609;0;0
96711420;77130027;UN04;202109;0,00;376;104;1;01/09/2021;9;6;1;01/09/2021 09:48:43;;0,00;6,67;-6,67;CGJX40;;30503663;0;0
96711420;77130027;UN04;202109;0,00;376;104;1;01/09/2021;9;7;1;01/09/2021 09:52:35;;0,00;6,67;-6,67;LBFZ50;;30503754;0;0
96711420;77130027;UN04;202109;0,00;376;104;1;01/09/2021;9;8;1;01/09/2021 09:58:19;;0,00;6,67;-6,67;FXZW67;;30504233;0;0
96711420;77130027;UN04;202109;0,00;376;104;0;01/09/2021;9;1;1;01/09/2021 09:08:47;;0,00;6,67;-6,67;BDRS53;;30501710;0;0
96711420;77130027;UN04;202109;0,00;376;104;0;01/09/2021;9;2;1;01/09/2021 09:15:46;;0,00;6,67;-6,67;HYCZ32;;30502107;0;0
96711420;77130027;UN04;202109;0,00;376;104;0;01/09/2021;9;3;1;01/09/2021 09:23:16;;0,00;6,67;-6,67;FCVW21;;30502520;0;0
96711420;77130027;UN04;202109;0,00;376;104;0;01/09/2021;9;4;1;01/09/2021 09:34:23;;0,00;6,67;-6,67;YW6567;;30503187;0;0
96711420;77130027;UN04;202109;0,00;376;104;0;01/09/2021;9;5;1;01/09/2021 09:45:49;;0,00;6,67;-6,67;LBGG46;;30503904;0;0
96711420;77130027;UN04;202109;0,00;376;104;0;01/09/2021;9;6;1;01/09/2021 09:51:22;;0,00;6,67;-6,67;HDSB58;;30504234;0;0
96711420;77130027;UN04;202109;0,00;376;104;0;01/09/2021;9;7;1;01/09/2021 09:56:17;;0,00;6,67;-6,67;JWTG29;;30504532;0;0
96711420;77130027;UN04;202109;0,00;376;104;1;01/09/2021;9;1;2;01/09/2021 09:09:22;;0,00;6,67;-6,67;HSKJ30;;30501238;0;0
96711420;77130027;UN04;202109;0,00;376;104;1;01/09/2021;9;2;2;01/09/2021 09:19:04;;0,00;6,67;-6,67;ZR1738;;30501953;0;0
96711420;77130027;UN04;202109;0,00;376;104;1;01/09/2021;9;3;2;01/09/2021 09:31:22;;0,00;6,67;-6,67;XL7858;;30502524;0;0
96711420;77130027;UN04;202109;0,00;376;104;1;01/09/2021;9;4;2;01/09/2021 09:40:17;;0,00;6,67;-6,67;JWYJ53;;30502885;0;0
96711420;77130027;UN04;202109;0,00;376;104;1;01/09/2021;9;5;2;01/09/2021 09:50:19;;0,00;6,67;-6,67;JDYK21;;30503609;0;0
96711420;77130027;UN04;202109;0,00;376;104;1;01/09/2021;9;6;2;01/09/2021 09:55:48;;0,00;6,67;-6,67;CGJX40;;30503663;0;0
96711420;77130027;UN04;202109;0,00;376;104;1;01/09/2021;9;7;2;01/09/2021 10:00:24;;0,00;6,67;-6,67;LBFZ50;;30503754;0;0
96711420;77130027;UN04;202109;0,00;376;104;1;01/09/2021;9;8;2;01/09/2021 10:04:51;;0,00;6,67;-6,67;FXZW67;;30504233;0;0
96711420;77130027;UN04;202109;0,00;376;104;0;01/09/2021;9;1;2;01/09/2021 09:12:47;;0,00;6,67;-6,67;BDRS53;;30501710;0;0
96711420;77130027;UN04;202109;0,00;376;104;0;01/09/2021;9;2;2;01/09/2021 09:18:50;;0,00;6,67;-6,67;HYCZ32;;30502107;0;0
96711420;77130027;UN04;202109;0,00;376;104;0;01/09/2021;9;3;2;01/09/2021 09:26:50;;0,00;6,67;-6,67;FCVW21;;30502520;0;0
96711420;77130027;UN04;202109;0,00;376;104;0;01/09/2021;9;4;2;01/09/2021 09:37:54;;0,00;6,67;-6,67;YW6567;;30503187;0;0
96711420;77130027;UN04;202109;0,00;376;104;0;01/09/2021;9;5;2;01/09/2021 09:49:22;;0,00;6,67;-6,67;LBGG46;;30503904;0;0
96711420;77130027;UN04;202109;0,00;376;104;0;01/09/2021;9;6;2;01/09/2021 09:53:51;;0,00;6,67;-6,67;HDSB58;;30504234;0;0
96711420;77130027;UN04;202109;0,00;376;104;0;01/09/2021;9;7;2;01/09/2021 09:58:48;;0,00;6,67;-6,67;JWTG29;;30504532;0;0
96711420;77130027;UN04;202109;0,00;376;104;1;01/09/2021;8;1;29;01/09/2021 09:31:22;;0,00;6,67;-6,67;JJYW74;;30497909;0;0
96711420;77130027;UN04;202109;0,00;376;104;1;01/09/2021;8;2;29;01/09/2021 09:52:24;;0,00;6,67;-6,67;JCGC63;;30498743;0;0
96711420;77130027;UN04;202109;0,00;376;104;1;01/09/2021;8;3;29;01/09/2021 10:02:55;;0,00;6,67;-6,67;HLZW79;;30498998;0;0
96711420;77130027;UN04;202109;0,00;376;104;1;01/09/2021;8;4;29;01/09/2021 10:08:46;;0,00;6,67;-6,67;JXWH40;;30499199;0;0
96711420;77130027;UN04;202109;0,00;376;104;1;01/09/2021;8;5;29;01/09/2021 10:08:50;;0,00;6,67;-6,67;GPGH32;;30499773;0;0
96711420;77130027;UN04;202109;0,00;376;104;1;01/09/2021;8;6;29;01/09/2021 10:18:52;;0,00;6,67;-6,67;XW8291;;30499945;0;0
96711420;77130027;UN04;202109;0,00;376;104;1;01/09/2021;8;7;29;01/09/2021 10:22:19;;0,00;6,67;-6,67;HYYY47;;30500549;0;0
96711420;77130027;UN04;202109;0,00;376;104;1;01/09/2021;8;8;29;01/09/2021 10:33:47;;0,00;6,67;-6,67;ZP9696;;30500742;0;0
96711420;77130027;UN04;202109;0,00;376;104;1;01/09/2021;8;9;29;01/09/2021 10:34:23;;0,00;6,67;-6,67;GWZK23;;30500907;0;0
96711420;77130027;UN04;202109;0,00;376;104;0;01/09/2021;8;1;18;01/09/2021 09:38:24;;0,00;5,00;-5,00;JDYK21;;30497840;0;0
96711420;77130027;UN04;202109;0,00;376;104;0;01/09/2021;8;2;18;01/09/2021 09:38:33;;0,00;5,00;-5,00;CGJX40;;30498142;0;0
96711420;77130027;UN04;202109;0,00;376;104;0;01/09/2021;8;3;18;01/09/2021 09:40:50;;0,00;5,00;-5,00;LBFZ50;;30498533;0;0
96711420;77130027;UN04;202109;0,00;376;104;0;01/09/2021;8;4;18;01/09/2021 09:49:47;;0,00;5,00;-5,00;FXZW67;;30498775;0;0
96711420;77130027;UN04;202109;0,00;376;104;0;01/09/2021;8;5;18;01/09/2021 09:54:20;;0,00;5,00;-5,00;LVKR46;;30498237;0;0
96711420;77130027;UN04;202109;0,00;376;104;0;01/09/2021;8;6;18;01/09/2021 09:59:48;;0,00;5,00;-5,00;XY9706;;30499379;0;0
96711420;77130027;UN04;202109;0,00;376;104;0;01/09/2021;8;7;18;01/09/2021 10:13:52;;0,00;5,00;-5,00;HWHH92;;30500182;0;0
96711420;77130027;UN04;202109;0,00;376;104;0;01/09/2021;8;8;18;01/09/2021 10:18:16;;0,00;5,00;-5,00;FXRR73;;30500064;0;0
96711420;77130027;UN04;202109;0,00;376;104;0;01/09/2021;8;9;18;01/09/2021 10:22:23;;0,00;5,00;-5,00;DPYV64;;30500840;0;0
96711420;77130027;UN04;202109;0,00;376;104;0;01/09/2021;8;10;18;01/09/2021 10:29:42;;0,00;5,00;-5,00;GFZR40;;30501117;0;0
96711420;77130027;UN04;202109;0,00;376;104;1;01/09/2021;10;1;1;01/09/2021 10:00:51;;0,00;6,67;-6,67;LVKR46;;30504534;0;0
96711420;77130027;UN04;202109;1,00;376;104;1;01/09/2021;10;2;1;01/09/2021 10:04:30;01/09/2021 10:00:51;3,65;6,67;-3,02;JGVY82;LVKR46;30505064;0;0
96711420;77130027;UN04;202109;1,00;376;104;1;01/09/2021;10;3;1;01/09/2021 10:06:50;01/09/2021 10:04:30;2,33;6,67;-4,34;XY9706;JGVY82;30504862;0;0
96711420;77130027;UN04;202109;0,50;376;104;1;01/09/2021;10;4;1;01/09/2021 10:18:28;01/09/2021 10:06:50;11,63;6,67;4,96;JSWB56;XY9706;30505857;0;0
96711420;77130027;UN04;202109;1,00;376;104;1;01/09/2021;10;5;1;01/09/2021 10:22:52;01/09/2021 10:18:28;4,40;6,67;-2,27;HWHH92;JSWB56;30506127;0;0
96711420;77130027;UN04;202109;1,00;376;104;1;01/09/2021;10;6;1;01/09/2021 10:29:05;01/09/2021 10:22:52;6,22;6,67;-0,45;FXRR73;HWHH92;30505976;0;0
96711420;77130027;UN04;202109;1,00;376;104;1;01/09/2021;10;7;1;01/09/2021 10:31:51;01/09/2021 10:29:05;2,77;6,67;-3,90;DPYV64;FXRR73;30506217;0;0
96711420;77130027;UN04;202109;1,00;376;104;1;01/09/2021;10;8;1;01/09/2021 10:31:51;01/09/2021 10:29:05;2,77;6,67;-3,90;GFZR40;FXRR73;30506665;0;0
96711420;77130027;UN04;202109;0,50;376;104;1;01/09/2021;10;9;1;01/09/2021 10:43:04;01/09/2021 10:31:51;11,22;6,67;4,55;BDRS53;DPYV64;30506991;0;0
96711420;77130027;UN04;202109;0,75;376;104;1;01/09/2021;10;10;1;01/09/2021 10:52:50;01/09/2021 10:43:04;9,77;6,67;3,10;HYCZ32;BDRS53;30507533;0;0
96711420;77130027;UN04;202109;0,00;376;104;0;01/09/2021;10;1;1;01/09/2021 10:01:17;;0,00;6,67;-6,67;JJYW74;;30504802;0;0
96711420;77130027;UN04;202109;1,00;376;104;0;01/09/2021;10;2;1;01/09/2021 10:03:50;01/09/2021 10:01:17;2,55;6,67;-4,12;JCGC63;JJYW74;30504989;0;0
96711420;77130027;UN04;202109;1,00;376;104;0;01/09/2021;10;3;1;01/09/2021 10:11:18;01/09/2021 10:03:50;7,47;6,67;0,80;JRKG10;JCGC63;30505463;0;0
96711420;77130027;UN04;202109;1,00;376;104;0;01/09/2021;10;4;1;01/09/2021 10:15:55;01/09/2021 10:11:18;4,62;6,67;-2,05;HLZW79;JRKG10;30505198;0;0
96711420;77130027;UN04;202109;1,00;376;104;0;01/09/2021;10;5;1;01/09/2021 10:21:17;01/09/2021 10:15:55;5,37;6,67;-1,30;JXWH40;HLZW79;30505521;0;0
96711420;77130027;UN04;202109;1,00;376;104;0;01/09/2021;10;6;1;01/09/2021 10:25:48;01/09/2021 10:21:17;4,52;6,67;-2,15;GPGH32;JXWH40;30506305;0;0
96711420;77130027;UN04;202109;1,00;376;104;0;01/09/2021;10;7;1;01/09/2021 10:30:48;01/09/2021 10:25:48;5,00;6,67;-1,67;XW8291;GPGH32;30506095;0;0
96711420;77130027;UN04;202109;1,00;376;104;0;01/09/2021;10;8;1;01/09/2021 10:36:46;01/09/2021 10:30:48;5,97;6,67;-0,70;HYYY47;XW8291;30506960;0;0
96711420;77130027;UN04;202109;1,00;376;104;0;01/09/2021;10;9;1;01/09/2021 10:44:20;01/09/2021 10:36:46;7,57;6,67;0,90;ZP9696;HYYY47;30507021;0;0
96711420;77130027;UN04;202109;1,00;376;104;0;01/09/2021;10;10;1;01/09/2021 10:49:21;01/09/2021 10:44:20;5,02;6,67;-1,65;GWZK23;ZP9696;30507717;0;0
96711420;77130027;UN04;202109;1,00;376;104;0;01/09/2021;10;11;1;01/09/2021 10:56:50;01/09/2021 10:49:21;7,48;6,67;0,81;HSKJ30;GWZK23;30508163;0;0
96711420;77130027;UN04;202109;0,00;376;104;0;01/09/2021;10;1;2;01/09/2021 10:06:49;;0,00;6,67;-6,67;JJYW74;;30504802;0;0
96711420;77130027;UN04;202109;1,00;376;104;0;01/09/2021;10;2;2;01/09/2021 10:06:54;01/09/2021 10:06:49;0,08;6,67;-6,59;JCGC63;JJYW74;30504989;0;0
96711420;77130027;UN04;202109;1,00;376;104;0;01/09/2021;10;3;2;01/09/2021 10:14:48;01/09/2021 10:06:54;7,90;6,67;1,23;JRKG10;JCGC63;30505463;0;0
96711420;77130027;UN04;202109;1,00;376;104;0;01/09/2021;10;4;2;01/09/2021 10:18:55;01/09/2021 10:14:48;4,12;6,67;-2,55;HLZW79;JRKG10;30505198;0;0
96711420;77130027;UN04;202109;1,00;376;104;0;01/09/2021;10;5;2;01/09/2021 10:24:17;01/09/2021 10:18:55;5,37;6,67;-1,30;JXWH40;HLZW79;30505521;0;0
96711420;77130027;UN04;202109;1,00;376;104;0;01/09/2021;10;6;2;01/09/2021 10:29:16;01/09/2021 10:24:17;4,98;6,67;-1,69;GPGH32;JXWH40;30506305;0;0
96711420;77130027;UN04;202109;1,00;376;104;0;01/09/2021;10;7;2;01/09/2021 10:34:22;01/09/2021 10:29:16;5,10;6,67;-1,57;XW8291;GPGH32;30506095;0;0
96711420;77130027;UN04;202109;1,00;376;104;0;01/09/2021;10;8;2;01/09/2021 10:39:47;01/09/2021 10:34:22;5,42;6,67;-1,25;HYYY47;XW8291;30506960;0;0
96711420;77130027;UN04;202109;1,00;376;104;0;01/09/2021;10;9;2;01/09/2021 10:47:48;01/09/2021 10:39:47;8,02;6,67;1,35;ZP9696;HYYY47;30507021;0;0
96711420;77130027;UN04;202109;1,00;376;104;0;01/09/2021;10;10;2;01/09/2021 10:52:22;01/09/2021 10:47:48;4,57;6,67;-2,10;GWZK23;ZP9696;30507717;0;0
96711420;77130027;UN04;202109;1,00;376;104;0;01/09/2021;10;11;2;01/09/2021 10:59:51;01/09/2021 10:52:22;7,48;6,67;0,81;HSKJ30;GWZK23;30508163;0;0
96711420;77130027;UN04;202109;0,00;376;104;1;01/09/2021;10;1;2;01/09/2021 10:10:51;;0,00;6,67;-6,67;LVKR46;;30504534;0;0
96711420;77130027;UN04;202109;1,00;376;104;1;01/09/2021;10;2;2;01/09/2021 10:14:50;01/09/2021 10:10:51;3,98;6,67;-2,69;XY9706;LVKR46;30504862;0;0
96711420;77130027;UN04;202109;0,50;376;104;1;01/09/2021;10;3;2;01/09/2021 10:26:21;01/09/2021 10:14:50;11,52;6,67;4,85;JSWB56;XY9706;30505857;0;0
96711420;77130027;UN04;202109;1,00;376;104;1;01/09/2021;10;4;2;01/09/2021 10:29:46;01/09/2021 10:26:21;3,42;6,67;-3,25;HWHH92;JSWB56;30506127;0;0
96711420;77130027;UN04;202109;1,00;376;104;1;01/09/2021;10;5;2;01/09/2021 10:36:23;01/09/2021 10:29:46;6,62;6,67;-0,05;FXRR73;HWHH92;30505976;0;0
96711420;77130027;UN04;202109;1,00;376;104;1;01/09/2021;10;6;2;01/09/2021 10:39:48;01/09/2021 10:36:23;3,42;6,67;-3,25;DPYV64;FXRR73;30506217;0;0
96711420;77130027;UN04;202109;1,00;376;104;1;01/09/2021;10;7;2;01/09/2021 10:44:21;01/09/2021 10:39:48;4,55;6,67;-2,12;GFZR40;DPYV64;30506665;0;0
96711420;77130027;UN04;202109;0,75;376;104;1;01/09/2021;10;8;2;01/09/2021 10:53:47;01/09/2021 10:44:21;9,43;6,67;2,76;BDRS53;GFZR40;30506991;0;0
96711420;77130027;UN04;202109;1,00;376;104;1;01/09/2021;10;9;2;01/09/2021 11:00:53;01/09/2021 10:53:47;7,10;6,67;0,43;HYCZ32;BDRS53;30507533;0;0
96711420;77130027;UN04;202109;0,00;376;104;0;01/09/2021;9;1;18;01/09/2021 10:35:46;;0,00;6,67;-6,67;BDRS53;;30501710;0;0
96711420;77130027;UN04;202109;0,00;376;104;0;01/09/2021;9;2;18;01/09/2021 10:44:10;;0,00;6,67;-6,67;HYCZ32;;30502107;0;0
96711420;77130027;UN04;202109;0,00;376;104;0;01/09/2021;9;3;18;01/09/2021 10:54:22;;0,00;6,67;-6,67;FCVW21;;30502520;0;0
96711420;77130027;UN04;202109;0,00;376;104;0;01/09/2021;9;4;18;01/09/2021 11:07:08;;0,00;6,67;-6,67;YW6567;;30503187;0;0
96711420;77130027;UN04;202109;0,00;376;104;0;01/09/2021;9;5;18;01/09/2021 11:18:16;;0,00;6,67;-6,67;LBGG46;;30503904;0;0
96711420;77130027;UN04;202109;0,00;376;104;0;01/09/2021;9;6;18;01/09/2021 11:18:23;;0,00;6,67;-6,67;HDSB58;;30504234;0;0
96711420;77130027;UN04;202109;0,00;376;104;0;01/09/2021;9;7;18;01/09/2021 11:24:56;;0,00;6,67;-6,67;JWTG29;;30504532;0;0
96711420;77130027;UN04;202109;0,00;376;104;1;01/09/2021;9;1;29;01/09/2021 10:39:25;;0,00;6,67;-6,67;HSKJ30;;30501238;0;0
96711420;77130027;UN04;202109;0,00;376;104;1;01/09/2021;9;2;29;01/09/2021 10:49:29;;0,00;6,67;-6,67;ZR1738;;30501953;0;0
96711420;77130027;UN04;202109;0,00;376;104;1;01/09/2021;9;3;29;01/09/2021 11:00:23;;0,00;6,67;-6,67;XL7858;;30502524;0;0
96711420;77130027;UN04;202109;0,00;376;104;1;01/09/2021;9;4;29;01/09/2021 11:11:47;;0,00;6,67;-6,67;JWYJ53;;30502885;0;0
96711420;77130027;UN04;202109;0,00;376;104;1;01/09/2021;9;5;29;01/09/2021 11:21:19;;0,00;6,67;-6,67;JDYK21;;30503609;0;0
96711420;77130027;UN04;202109;0,00;376;104;1;01/09/2021;9;6;29;01/09/2021 11:24:18;;0,00;6,67;-6,67;CGJX40;;30503663;0;0
96711420;77130027;UN04;202109;0,00;376;104;1;01/09/2021;9;7;29;01/09/2021 11:29:53;;0,00;6,67;-6,67;LBFZ50;;30503754;0;0
96711420;77130027;UN04;202109;0,00;376;104;1;01/09/2021;9;8;29;01/09/2021 11:34:55;;0,00;6,67;-6,67;FXZW67;;30504233;0;0
96711420;77130027;UN04;202109;0,00;376;104;1;01/09/2021;11;1;1;01/09/2021 11:00:25;;0,00;6,67;-6,67;FCVW21;;30508409;0;0
96711420;77130027;UN04;202109;1,00;376;104;1;01/09/2021;11;2;1;01/09/2021 11:05:40;01/09/2021 11:00:25;5,25;6,67;-1,42;FPRY34;FCVW21;30508707;0;0
96711420;77130027;UN04;202109;1,00;376;104;1;01/09/2021;11;3;1;01/09/2021 11:11:53;01/09/2021 11:05:40;6,22;6,67;-0,45;YW6567;FPRY34;30508881;0;0
96711420;77130027;UN04;202109;0,00;376;104;1;01/09/2021;11;4;1;01/09/2021 11:27:50;01/09/2021 11:11:53;15,95;6,67;9,28;HDSB58;YW6567;30509573;0;0
96711420;77130027;UN04;202109;1,00;376;104;1;01/09/2021;11;5;1;01/09/2021 11:33:49;01/09/2021 11:27:50;5,98;6,67;-0,69;JWTG29;HDSB58;30510369;0;0
96711420;77130027;UN04;202109;1,00;376;104;1;01/09/2021;11;6;1;01/09/2021 11:40:19;01/09/2021 11:33:49;6,50;6,67;-0,17;JJYW74;JWTG29;30510148;0;0
96711420;77130027;UN04;202109;1,00;376;104;1;01/09/2021;11;7;1;01/09/2021 11:42:50;01/09/2021 11:40:19;2,52;6,67;-4,15;JCGC63;JJYW74;30510444;0;0
96711420;77130027;UN04;202109;1,00;376;104;1;01/09/2021;11;8;1;01/09/2021 11:47:38;01/09/2021 11:42:50;4,80;6,67;-1,87;JRKG10;JCGC63;30510952;0;0
96711420;77130027;UN04;202109;1,00;376;104;1;01/09/2021;11;9;1;01/09/2021 11:53:56;01/09/2021 11:47:38;6,30;6,67;-0,37;HLZW79;JRKG10;30510960;0;0
96711420;77130027;UN04;202109;1,00;376;104;1;01/09/2021;11;10;1;01/09/2021 11:56:48;01/09/2021 11:53:56;2,87;6,67;-3,80;JXWH40;HLZW79;30511522;0;0
96711420;77130027;UN04;202109;0,00;376;104;1;01/09/2021;11;1;2;01/09/2021 11:06:51;;0,00;6,67;-6,67;FCVW21;;30508409;0;0
96711420;77130027;UN04;202109;1,00;376;104;1;01/09/2021;11;2;2;01/09/2021 11:13:48;01/09/2021 11:06:51;6,95;6,67;0,28;FPRY34;FCVW21;30508707;0;0
96711420;77130027;UN04;202109;1,00;376;104;1;01/09/2021;11;3;2;01/09/2021 11:19:19;01/09/2021 11:13:48;5,52;6,67;-1,15;YW6567;FPRY34;30508881;0;0
96711420;77130027;UN04;202109;0,00;376;104;1;01/09/2021;11;4;2;01/09/2021 11:35:52;01/09/2021 11:19:19;16,55;6,67;9,88;HDSB58;YW6567;30509573;0;0
96711420;77130027;UN04;202109;1,00;376;104;1;01/09/2021;11;5;2;01/09/2021 11:40:47;01/09/2021 11:35:52;4,92;6,67;-1,75;JWTG29;HDSB58;30510369;0;0
96711420;77130027;UN04;202109;1,00;376;104;1;01/09/2021;11;6;2;01/09/2021 11:46:52;01/09/2021 11:40:47;6,08;6,67;-0,59;JJYW74;JWTG29;30510148;0;0
96711420;77130027;UN04;202109;1,00;376;104;1;01/09/2021;11;7;2;01/09/2021 11:50:20;01/09/2021 11:46:52;3,47;6,67;-3,20;JCGC63;JJYW74;30510444;0;0
96711420;77130027;UN04;202109;1,00;376;104;1;01/09/2021;11;8;2;01/09/2021 11:55:23;01/09/2021 11:50:20;5,05;6,67;-1,62;JRKG10;JCGC63;30510952;0;0
96711420;77130027;UN04;202109;1,00;376;104;1;01/09/2021;11;9;2;01/09/2021 11:59:55;01/09/2021 11:55:23;4,53;6,67;-2,14;HLZW79;JRKG10;30510960;0;0
96711420;77130027;UN04;202109;1,00;376;104;1;01/09/2021;11;10;2;01/09/2021 12:05:54;01/09/2021 11:59:55;5,98;6,67;-0,69;JXWH40;HLZW79;30511522;0;0
96711420;77130027;UN04;202109;0,00;376;104;0;01/09/2021;11;1;1;01/09/2021 11:08:19;;0,00;6,67;-6,67;ZR1738;;30508855;0;0
96711420;77130027;UN04;202109;1,00;376;104;0;01/09/2021;11;2;1;01/09/2021 11:14:55;01/09/2021 11:08:19;6,60;6,67;-0,07;FJZY74;ZR1738;30509246;0;0
96711420;77130027;UN04;202109;1,00;376;104;0;01/09/2021;11;3;1;01/09/2021 11:18:51;01/09/2021 11:14:55;3,93;6,67;-2,74;XL7858;FJZY74;30509510;0;0
96711420;77130027;UN04;202109;1,00;376;104;0;01/09/2021;11;4;1;01/09/2021 11:24:18;01/09/2021 11:18:51;5,45;6,67;-1,22;WR9412;XL7858;30509782;0;0
96711420;77130027;UN04;202109;1,00;376;104;0;01/09/2021;11;5;1;01/09/2021 11:28:53;01/09/2021 11:24:18;4,58;6,67;-2,09;JWYJ53;WR9412;30510087;0;0
96711420;77130027;UN04;202109;0,50;376;104;0;01/09/2021;11;6;1;01/09/2021 11:39:51;01/09/2021 11:28:53;10,97;6,67;4,30;JDYK21;JWYJ53;30510770;0;0
96711420;77130027;UN04;202109;1,00;376;104;0;01/09/2021;11;7;1;01/09/2021 11:46:47;01/09/2021 11:39:51;6,93;6,67;0,26;YB7798;JDYK21;30511160;0;0
96711420;77130027;UN04;202109;1,00;376;104;0;01/09/2021;11;8;1;01/09/2021 11:52:19;01/09/2021 11:46:47;5,53;6,67;-1,14;CGJX40;YB7798;30511493;0;0
96711420;77130027;UN04;202109;1,00;376;104;0;01/09/2021;11;9;1;01/09/2021 11:58:22;01/09/2021 11:52:19;6,05;6,67;-0,62;LBFZ50;CGJX40;30511883;0;0
96711420;77130027;UN04;202109;0,00;376;104;0;01/09/2021;11;1;2;01/09/2021 11:12:16;;0,00;6,67;-6,67;ZR1738;;30508855;0;0
96711420;77130027;UN04;202109;1,00;376;104;0;01/09/2021;11;2;2;01/09/2021 11:18:24;01/09/2021 11:12:16;6,13;6,67;-0,54;FJZY74;ZR1738;30509246;0;0
96711420;77130027;UN04;202109;1,00;376;104;0;01/09/2021;11;3;2;01/09/2021 11:24:51;01/09/2021 11:18:24;6,45;6,67;-0,22;XL7858;FJZY74;30509510;0;0
96711420;77130027;UN04;202109;1,00;376;104;0;01/09/2021;11;4;2;01/09/2021 11:27:17;01/09/2021 11:24:51;2,43;6,67;-4,24;WR9412;XL7858;30509782;0;0
96711420;77130027;UN04;202109;1,00;376;104;0;01/09/2021;11;5;2;01/09/2021 11:31:54;01/09/2021 11:27:17;4,62;6,67;-2,05;JWYJ53;WR9412;30510087;0;0
96711420;77130027;UN04;202109;0,50;376;104;0;01/09/2021;11;6;2;01/09/2021 11:42:46;01/09/2021 11:31:54;10,87;6,67;4,20;JDYK21;JWYJ53;30510770;0;0
96711420;77130027;UN04;202109;1,00;376;104;0;01/09/2021;11;7;2;01/09/2021 11:49:48;01/09/2021 11:42:46;7,03;6,67;0,36;YB7798;JDYK21;30511160;0;0
96711420;77130027;UN04;202109;1,00;376;104;0;01/09/2021;11;8;2;01/09/2021 11:55:19;01/09/2021 11:49:48;5,52;6,67;-1,15;CGJX40;YB7798;30511493;0;0
96711420;77130027;UN04;202109;1,00;376;104;0;01/09/2021;11;9;2;01/09/2021 12:01:54;01/09/2021 11:55:19;6,58;6,67;-0,09;LBFZ50;CGJX40;30511883;0;0
96711420;77130027;UN04;202109;0,00;376;104;0;01/09/2021;10;1;18;01/09/2021 11:27:44;;0,00;6,67;-6,67;JJYW74;;30504802;0;0
96711420;77130027;UN04;202109;1,00;376;104;0;01/09/2021;10;2;18;01/09/2021 11:32:48;01/09/2021 11:27:44;5,07;6,67;-1,60;JCGC63;JJYW74;30504989;0;0
96711420;77130027;UN04;202109;1,00;376;104;0;01/09/2021;10;3;18;01/09/2021 11:40:19;01/09/2021 11:32:48;7,52;6,67;0,85;JRKG10;JCGC63;30505463;0;0
96711420;77130027;UN04;202109;1,00;376;104;0;01/09/2021;10;4;18;01/09/2021 11:41:55;01/09/2021 11:40:19;1,60;6,67;-5,07;HLZW79;JRKG10;30505198;0;0
96711420;77130027;UN04;202109;0,75;376;104;0;01/09/2021;10;5;18;01/09/2021 11:51:22;01/09/2021 11:41:55;9,45;6,67;2,78;JXWH40;HLZW79;30505521;0;0
96711420;77130027;UN04;202109;1,00;376;104;0;01/09/2021;10;6;18;01/09/2021 11:57:50;01/09/2021 11:51:22;6,47;6,67;-0,20;GPGH32;JXWH40;30506305;0;0
96711420;77130027;UN04;202109;1,00;376;104;0;01/09/2021;10;7;18;01/09/2021 11:59:20;01/09/2021 11:57:50;1,50;6,67;-5,17;XW8291;GPGH32;30506095;0;0
96711420;77130027;UN04;202109;1,00;376;104;0;01/09/2021;10;8;18;01/09/2021 12:04:16;01/09/2021 11:59:20;4,93;6,67;-1,74;HYYY47;XW8291;30506960;0;0
96711420;77130027;UN04;202109;0,50;376;104;0;01/09/2021;10;9;18;01/09/2021 12:14:38;01/09/2021 12:04:16;10,37;6,67;3,70;ZP9696;HYYY47;30507021;0;0
96711420;77130027;UN04;202109;1,00;376;104;0;01/09/2021;10;10;18;01/09/2021 12:17:46;01/09/2021 12:14:38;3,13;6,67;-3,54;GWZK23;ZP9696;30507717;0;0
96711420;77130027;UN04;202109;1,00;376;104;0;01/09/2021;10;11;18;01/09/2021 12:23:21;01/09/2021 12:17:46;5,58;6,67;-1,09;HSKJ30;GWZK23;30508163;0;0
96711420;77130027;UN04;202109;0,00;376;104;1;01/09/2021;10;1;29;01/09/2021 11:41:22;;0,00;6,67;-6,67;LVKR46;;30504534;0;0
96711420;77130027;UN04;202109;1,00;376;104;1;01/09/2021;10;2;29;01/09/2021 11:42:19;01/09/2021 11:41:22;0,95;6,67;-5,72;XY9706;LVKR46;30504862;0;0
96711420;77130027;UN04;202109;0,75;376;104;1;01/09/2021;10;3;29;01/09/2021 11:52:18;01/09/2021 11:42:19;9,98;6,67;3,31;JGVY82;XY9706;30505064;0;0
96711420;77130027;UN04;202109;1,00;376;104;1;01/09/2021;10;4;29;01/09/2021 11:55:52;01/09/2021 11:52:18;3,57;6,67;-3,10;JSWB56;JGVY82;30505857;0;0
96711420;77130027;UN04;202109;1,00;376;104;1;01/09/2021;10;5;29;01/09/2021 12:03:26;01/09/2021 11:55:52;7,57;6,67;0,90;HWHH92;JSWB56;30506127;0;0
96711420;77130027;UN04;202109;1,00;376;104;1;01/09/2021;10;6;29;01/09/2021 12:04:16;01/09/2021 12:03:26;0,83;6,67;-5,84;FXRR73;HWHH92;30505976;0;0
96711420;77130027;UN04;202109;1,00;376;104;1;01/09/2021;10;7;29;01/09/2021 12:09:51;01/09/2021 12:04:16;5,58;6,67;-1,09;DPYV64;FXRR73;30506217;0;0
96711420;77130027;UN04;202109;1,00;376;104;1;01/09/2021;10;8;29;01/09/2021 12:13:21;01/09/2021 12:09:51;3,50;6,67;-3,17;GFZR40;DPYV64;30506665;0;0
96711420;77130027;UN04;202109;0,00;376;104;1;01/09/2021;10;9;29;01/09/2021 12:28:47;01/09/2021 12:13:21;15,43;6,67;8,76;BDRS53;GFZR40;30506991;0;0
96711420;77130027;UN04;202109;1,00;376;104;1;01/09/2021;10;10;29;01/09/2021 12:30:53;01/09/2021 12:28:47;2,10;6,67;-4,57;HYCZ32;BDRS53;30507533;0;0
96711420;77130027;UN04;202109;0,00;376;104;1;01/09/2021;12;1;1;01/09/2021 12:02:38;;0,00;6,67;-6,67;GPGH32;;30512104;0;0
96711420;77130027;UN04;202109;1,00;376;104;1;01/09/2021;12;2;1;01/09/2021 12:08:15;01/09/2021 12:02:38;5,62;6,67;-1,05;XW8291;GPGH32;30512000;0;0
96711420;77130027;UN04;202109;1,00;376;104;1;01/09/2021;12;3;1;01/09/2021 12:10:16;01/09/2021 12:08:15;2,02;6,67;-4,65;HYYY47;XW8291;30512559;0;0
96711420;77130027;UN04;202109;0,50;376;104;1;01/09/2021;12;4;1;01/09/2021 12:21:13;01/09/2021 12:10:16;10,95;6,67;4,28;ZP9696;HYYY47;30513212;0;0
96711420;77130027;UN04;202109;1,00;376;104;1;01/09/2021;12;5;1;01/09/2021 12:27:40;01/09/2021 12:21:13;6,45;6,67;-0,22;GWZK23;ZP9696;30513621;0;0
96711420;77130027;UN04;202109;1,00;376;104;1;01/09/2021;12;6;1;01/09/2021 12:31:18;01/09/2021 12:27:40;3,63;6,67;-3,04;HSKJ30;GWZK23;30513475;0;0
96711420;77130027;UN04;202109;0,00;376;104;1;01/09/2021;12;7;1;01/09/2021 12:46:49;01/09/2021 12:31:18;15,52;6,67;8,85;ZR1738;HSKJ30;30514341;0;0
96711420;77130027;UN04;202109;1,00;376;104;1;01/09/2021;12;8;1;01/09/2021 12:49:47;01/09/2021 12:46:49;2,97;6,67;-3,70;FJZY74;ZR1738;30514618;0;0
96711420;77130027;UN04;202109;1,00;376;104;1;01/09/2021;12;9;1;01/09/2021 12:55:45;01/09/2021 12:49:47;5,97;6,67;-0,70;XL7858;FJZY74;30515000;0;0
96711420;77130027;UN04;202109;0,00;376;104;0;01/09/2021;12;1;1;01/09/2021 12:03:51;;0,00;6,67;-6,67;FXZW67;;30512186;0;0
96711420;77130027;UN04;202109;1,00;376;104;0;01/09/2021;12;2;1;01/09/2021 12:10:22;01/09/2021 12:03:51;6,52;6,67;-0,15;LVKR46;FXZW67;30512547;0;0
96711420;77130027;UN04;202109;1,00;376;104;0;01/09/2021;12;3;1;01/09/2021 12:14:19;01/09/2021 12:10:22;3,95;6,67;-2,72;XY9706;LVKR46;30512812;0;0
96711420;77130027;UN04;202109;0,50;376;104;0;01/09/2021;12;4;1;01/09/2021 12:25:19;01/09/2021 12:14:19;11,00;6,67;4,33;JSWB56;XY9706;30513442;0;0
96711420;77130027;UN04;202109;1,00;376;104;0;01/09/2021;12;5;1;01/09/2021 12:29:49;01/09/2021 12:25:19;4,50;6,67;-2,17;HWHH92;JSWB56;30513682;0;0
96711420;77130027;UN04;202109;0,00;376;104;0;01/09/2021;12;6;1;01/09/2021 12:46:20;01/09/2021 12:29:49;16,52;6,67;9,85;GFZR40;HWHH92;30514731;0;0
96711420;77130027;UN04;202109;1,00;376;104;0;01/09/2021;12;7;1;01/09/2021 12:51:18;01/09/2021 12:46:20;4,97;6,67;-1,70;BDRS53;GFZR40;30515030;0;0
96711420;77130027;UN04;202109;0,00;376;104;0;01/09/2021;12;1;2;01/09/2021 12:06:46;;0,00;6,67;-6,67;FXZW67;;30512186;0;0
96711420;77130027;UN04;202109;1,00;376;104;0;01/09/2021;12;2;2;01/09/2021 12:14:22;01/09/2021 12:06:46;7,60;6,67;0,93;LVKR46;FXZW67;30512547;0;0
96711420;77130027;UN04;202109;1,00;376;104;0;01/09/2021;12;3;2;01/09/2021 12:18:20;01/09/2021 12:14:22;3,97;6,67;-2,70;XY9706;LVKR46;30512812;0;0
96711420;77130027;UN04;202109;0,50;376;104;0;01/09/2021;12;4;2;01/09/2021 12:28:48;01/09/2021 12:18:20;10,47;6,67;3,80;JSWB56;XY9706;30513442;0;0
96711420;77130027;UN04;202109;1,00;376;104;0;01/09/2021;12;5;2;01/09/2021 12:35:18;01/09/2021 12:28:48;6,50;6,67;-0,17;HWHH92;JSWB56;30513682;0;0
96711420;77130027;UN04;202109;0,00;376;104;0;01/09/2021;12;6;2;01/09/2021 12:49:50;01/09/2021 12:35:18;14,53;6,67;7,86;GFZR40;HWHH92;30514731;0;0
96711420;77130027;UN04;202109;1,00;376;104;0;01/09/2021;12;7;2;01/09/2021 12:54:47;01/09/2021 12:49:50;4,95;6,67;-1,72;BDRS53;GFZR40;30515030;0;0
96711420;77130027;UN04;202109;0,00;376;104;1;01/09/2021;12;1;2;01/09/2021 12:10:50;;0,00;6,67;-6,67;GPGH32;;30512104;0;0
96711420;77130027;UN04;202109;1,00;376;104;1;01/09/2021;12;2;2;01/09/2021 12:15:47;01/09/2021 12:10:50;4,95;6,67;-1,72;XW8291;GPGH32;30512000;0;0
96711420;77130027;UN04;202109;1,00;376;104;1;01/09/2021;12;3;2;01/09/2021 12:20:18;01/09/2021 12:15:47;4,52;6,67;-2,15;HYYY47;XW8291;30512559;0;0
96711420;77130027;UN04;202109;0,75;376;104;1;01/09/2021;12;4;2;01/09/2021 12:29:46;01/09/2021 12:20:18;9,47;6,67;2,80;ZP9696;HYYY47;30513212;0;0
96711420;77130027;UN04;202109;1,00;376;104;1;01/09/2021;12;5;2;01/09/2021 12:34:48;01/09/2021 12:29:46;5,03;6,67;-1,64;GWZK23;ZP9696;30513621;0;0
96711420;77130027;UN04;202109;1,00;376;104;1;01/09/2021;12;6;2;01/09/2021 12:38:20;01/09/2021 12:34:48;3,53;6,67;-3,14;HSKJ30;GWZK23;30513475;0;0
96711420;77130027;UN04;202109;0,00;376;104;1;01/09/2021;12;7;2;01/09/2021 12:52:52;01/09/2021 12:38:20;14,53;6,67;7,86;ZR1738;HSKJ30;30514341;0;0
96711420;77130027;UN04;202109;1,00;376;104;1;01/09/2021;12;8;2;01/09/2021 12:56:48;01/09/2021 12:52:52;3,93;6,67;-2,74;FJZY74;ZR1738;30514618;0;0
96711420;77130027;UN04;202109;1,00;376;104;1;01/09/2021;12;9;2;01/09/2021 13:03:16;01/09/2021 12:56:48;6,47;6,67;-0,20;XL7858;FJZY74;30515000;0;0
96711420;77130027;UN04;202109;0,00;376;104;0;01/09/2021;11;1;18;01/09/2021 12:38:12;;0,00;6,67;-6,67;ZR1738;;30508855;0;0
96711420;77130027;UN04;202109;1,00;376;104;0;01/09/2021;11;2;18;01/09/2021 12:42:51;01/09/2021 12:38:12;4,65;6,67;-2,02;FJZY74;ZR1738;30509246;0;0
96711420;77130027;UN04;202109;1,00;376;104;0;01/09/2021;11;3;18;01/09/2021 12:47:53;01/09/2021 12:42:51;5,03;6,67;-1,64;XL7858;FJZY74;30509510;0;0
96711420;77130027;UN04;202109;1,00;376;104;0;01/09/2021;11;4;18;01/09/2021 12:52:37;01/09/2021 12:47:53;4,73;6,67;-1,94;WR9412;XL7858;30509782;0;0
96711420;77130027;UN04;202109;1,00;376;104;0;01/09/2021;11;5;18;01/09/2021 12:59:24;01/09/2021 12:52:37;6,78;6,67;0,11;JWYJ53;WR9412;30510087;0;0
96711420;77130027;UN04;202109;0,75;376;104;0;01/09/2021;11;6;18;01/09/2021 13:07:47;01/09/2021 12:59:24;8,38;6,67;1,71;JDYK21;JWYJ53;30510770;0;0
96711420;77130027;UN04;202109;0,25;376;104;0;01/09/2021;11;7;18;01/09/2021 13:20:24;01/09/2021 13:07:47;12,62;6,67;5,95;YB7798;JDYK21;30511160;0;0
96711420;77130027;UN04;202109;1,00;376;104;0;01/09/2021;11;8;18;01/09/2021 13:22:28;01/09/2021 13:20:24;2,07;6,67;-4,60;CGJX40;YB7798;30511493;0;0
96711420;77130027;UN04;202109;1,00;376;104;0;01/09/2021;11;9;18;01/09/2021 13:26:44;01/09/2021 13:22:28;4,27;6,67;-2,40;LBFZ50;CGJX40;30511883;0;0
96711420;77130027;UN04;202109;0,00;376;104;1;01/09/2021;11;1;29;01/09/2021 12:39:19;;0,00;6,67;-6,67;FCVW21;;30508409;0;0
96711420;77130027;UN04;202109;0,75;376;104;1;01/09/2021;11;2;29;01/09/2021 12:47:51;01/09/2021 12:39:19;8,53;6,67;1,86;FPRY34;FCVW21;30508707;0;0
96711420;77130027;UN04;202109;1,00;376;104;1;01/09/2021;11;3;29;01/09/2021 12:49:19;01/09/2021 12:47:51;1,47;6,67;-5,20;YW6567;FPRY34;30508881;0;0
96711420;77130027;UN04;202109;0,00;376;104;1;01/09/2021;11;4;29;01/09/2021 13:04:55;01/09/2021 12:49:19;15,60;6,67;8,93;HDSB58;YW6567;30509573;0;0
96711420;77130027;UN04;202109;1,00;376;104;1;01/09/2021;11;5;29;01/09/2021 13:11:18;01/09/2021 13:04:55;6,38;6,67;-0,29;JWTG29;HDSB58;30510369;0;0
96711420;77130027;UN04;202109;1,00;376;104;1;01/09/2021;11;6;29;01/09/2021 13:15:52;01/09/2021 13:11:18;4,57;6,67;-2,10;JJYW74;JWTG29;30510148;0;0
96711420;77130027;UN04;202109;1,00;376;104;1;01/09/2021;11;7;29;01/09/2021 13:21:53;01/09/2021 13:15:52;6,02;6,67;-0,65;JCGC63;JJYW74;30510444;0;0
96711420;77130027;UN04;202109;0,50;376;104;1;01/09/2021;11;8;29;01/09/2021 13:32:24;01/09/2021 13:21:53;10,52;6,67;3,85;JRKG10;JCGC63;30510952;0;0
96711420;77130027;UN04;202109;1,00;376;104;1;01/09/2021;11;9;29;01/09/2021 13:35:52;01/09/2021 13:32:24;3,47;6,67;-3,20;HLZW79;JRKG10;30510960;0;0
96711420;77130027;UN04;202109;1,00;376;104;1;01/09/2021;11;10;29;01/09/2021 13:41:24;01/09/2021 13:35:52;5,53;6,67;-1,14;JXWH40;HLZW79;30511522;0;0
96711420;77130027;UN04;202109;0,00;376;104;0;01/09/2021;13;1;1;01/09/2021 13:01:21;;0,00;6,67;-6,67;HYCZ32;;30515606;0;0
96711420;77130027;UN04;202109;1,00;376;104;0;01/09/2021;13;2;1;01/09/2021 13:06:52;01/09/2021 13:01:21;5,52;6,67;-1,15;FCVW21;HYCZ32;30515964;0;0
96711420;77130027;UN04;202109;1,00;376;104;0;01/09/2021;13;3;1;01/09/2021 13:09:49;01/09/2021 13:06:52;2,95;6,67;-3,72;FPRY34;FCVW21;30516145;0;0
96711420;77130027;UN04;202109;1,00;376;104;0;01/09/2021;13;4;1;01/09/2021 13:15:48;01/09/2021 13:09:49;5,98;6,67;-0,69;YW6567;FPRY34;30516500;0;0
96711420;77130027;UN04;202109;0,00;376;104;0;01/09/2021;13;5;1;01/09/2021 13:34:24;01/09/2021 13:15:48;18,60;6,67;11,93;HDSB58;YW6567;30517617;0;0
96711420;77130027;UN04;202109;1,00;376;104;0;01/09/2021;13;6;1;01/09/2021 13:40:48;01/09/2021 13:34:24;6,40;6,67;-0,27;JWTG29;HDSB58;30517972;0;0
96711420;77130027;UN04;202109;1,00;376;104;0;01/09/2021;13;7;1;01/09/2021 13:46:48;01/09/2021 13:40:48;6,00;6,67;-0,67;JJYW74;JWTG29;30518367;0;0
96711420;77130027;UN04;202109;1,00;376;104;0;01/09/2021;13;8;1;01/09/2021 13:52:52;01/09/2021 13:46:48;6,07;6,67;-0,60;JCGC63;JJYW74;30518698;0;0
96711420;77130027;UN04;202109;1,00;376;104;0;01/09/2021;13;9;1;01/09/2021 13:58:49;01/09/2021 13:52:52;5,95;6,67;-0,72;JRKG10;JCGC63;30519053;0;0
96711420;77130027;UN04;202109;0,00;376;104;0;01/09/2021;13;1;2;01/09/2021 13:04:51;;0,00;6,67;-6,67;HYCZ32;;30515606;0;0
96711420;77130027;UN04;202109;1,00;376;104;0;01/09/2021;13;2;2;01/09/2021 13:09:23;01/09/2021 13:04:51;4,53;6,67;-2,14;FCVW21;HYCZ32;30515964;0;0
96711420;77130027;UN04;202109;1,00;376;104;0;01/09/2021;13;3;2;01/09/2021 13:13:47;01/09/2021 13:09:23;4,40;6,67;-2,27;FPRY34;FCVW21;30516145;0;0
96711420;77130027;UN04;202109;1,00;376;104;0;01/09/2021;13;4;2;01/09/2021 13:21:48;01/09/2021 13:13:47;8,02;6,67;1,35;YW6567;FPRY34;30516500;0;0
96711420;77130027;UN04;202109;0,00;376;104;0;01/09/2021;13;5;2;01/09/2021 13:38:30;01/09/2021 13:21:48;16,70;6,67;10,03;HDSB58;YW6567;30517617;0;0
96711420;77130027;UN04;202109;1,00;376;104;0;01/09/2021;13;6;2;01/09/2021 13:43:48;01/09/2021 13:38:30;5,30;6,67;-1,37;JWTG29;HDSB58;30517972;0;0
96711420;77130027;UN04;202109;1,00;376;104;0;01/09/2021;13;7;2;01/09/2021 13:50:53;01/09/2021 13:43:48;7,08;6,67;0,41;JJYW74;JWTG29;30518367;0;0
96711420;77130027;UN04;202109;1,00;376;104;0;01/09/2021;13;8;2;01/09/2021 13:55:22;01/09/2021 13:50:53;4,48;6,67;-2,19;JCGC63;JJYW74;30518698;0;0
96711420;77130027;UN04;202109;1,00;376;104;0;01/09/2021;13;9;2;01/09/2021 14:01:49;01/09/2021 13:55:22;6,45;6,67;-0,22;JRKG10;JCGC63;30519053;0;0
96711420;77130027;UN04;202109;0,00;376;104;1;01/09/2021;13;1;1;01/09/2021 13:06:52;;0,00;6,67;-6,67;JWYJ53;;30515600;0;0
96711420;77130027;UN04;202109;1,00;376;104;1;01/09/2021;13;2;1;01/09/2021 13:09:19;01/09/2021 13:06:52;2,45;6,67;-4,22;FVGC37;JWYJ53;30516075;0;0
96711420;77130027;UN04;202109;1,00;376;104;1;01/09/2021;13;3;1;01/09/2021 13:15:48;01/09/2021 13:09:19;6,48;6,67;-0,19;JDYK21;FVGC37;30516141;0;0
96711420;77130027;UN04;202109;0,75;376;104;1;01/09/2021;13;4;1;01/09/2021 13:25:13;01/09/2021 13:15:48;9,42;6,67;2,75;YB7798;JDYK21;30516944;0;0
96711420;77130027;UN04;202109;1,00;376;104;1;01/09/2021;13;5;1;01/09/2021 13:29:19;01/09/2021 13:25:13;4,10;6,67;-2,57;CGJX40;YB7798;30517011;0;0
96711420;77130027;UN04;202109;1,00;376;104;1;01/09/2021;13;6;1;01/09/2021 13:35:07;01/09/2021 13:29:19;5,80;6,67;-0,87;LBFZ50;CGJX40;30517586;0;0
96711420;77130027;UN04;202109;1,00;376;104;1;01/09/2021;13;7;1;01/09/2021 13:40:46;01/09/2021 13:35:07;5,65;6,67;-1,02;FXZW67;LBFZ50;30517583;0;0
96711420;77130027;UN04;202109;1,00;376;104;1;01/09/2021;13;8;1;01/09/2021 13:44:55;01/09/2021 13:40:46;4,15;6,67;-2,52;LVKR46;FXZW67;30518249;0;0
96711420;77130027;UN04;202109;1,00;376;104;1;01/09/2021;13;9;1;01/09/2021 13:51:54;01/09/2021 13:44:55;6,98;6,67;0,31;XY9706;LVKR46;30518425;0;0
96711420;77130027;UN04;202109;0,00;376;104;1;01/09/2021;13;1;2;01/09/2021 13:13:24;;0,00;6,67;-6,67;JWYJ53;;30515600;0;0
96711420;77130027;UN04;202109;1,00;376;104;1;01/09/2021;13;2;2;01/09/2021 13:17:18;01/09/2021 13:13:24;3,90;6,67;-2,77;FVGC37;JWYJ53;30516075;0;0
96711420;77130027;UN04;202109;1,00;376;104;1;01/09/2021;13;3;2;01/09/2021 13:24:22;01/09/2021 13:17:18;7,07;6,67;0,40;JDYK21;FVGC37;30516141;0;0
96711420;77130027;UN04;202109;1,00;376;104;1;01/09/2021;13;4;2;01/09/2021 13:31:22;01/09/2021 13:24:22;7,00;6,67;0,33;YB7798;JDYK21;30516944;0;0
96711420;77130027;UN04;202109;1,00;376;104;1;01/09/2021;13;5;2;01/09/2021 13:37:18;01/09/2021 13:31:22;5,93;6,67;-0,74;CGJX40;YB7798;30517011;0;0
96711420;77130027;UN04;202109;1,00;376;104;1;01/09/2021;13;6;2;01/09/2021 13:42:20;01/09/2021 13:37:18;5,03;6,67;-1,64;LBFZ50;CGJX40;30517586;0;0
96711420;77130027;UN04;202109;1,00;376;104;1;01/09/2021;13;7;2;01/09/2021 13:47:20;01/09/2021 13:42:20;5,00;6,67;-1,67;FXZW67;LBFZ50;30517583;0;0
96711420;77130027;UN04;202109;1,00;376;104;1;01/09/2021;13;8;2;01/09/2021 13:53:24;01/09/2021 13:47:20;6,07;6,67;-0,60;LVKR46;FXZW67;30518249;0;0
96711420;77130027;UN04;202109;1,00;376;104;1;01/09/2021;13;9;2;01/09/2021 13:58:53;01/09/2021 13:53:24;5,48;6,67;-1,19;XY9706;LVKR46;30518425;0;0
96711420;77130027;UN04;202109;0,00;376;104;0;01/09/2021;12;1;18;01/09/2021 13:31:48;;0,00;6,67;-6,67;FXZW67;;30512186;0;0
96711420;77130027;UN04;202109;0,75;376;104;0;01/09/2021;12;2;18;01/09/2021 13:40:51;01/09/2021 13:31:48;9,05;6,67;2,38;LVKR46;FXZW67;30512547;0;0
96711420;77130027;UN04;202109;1,00;376;104;0;01/09/2021;12;3;18;01/09/2021 13:46:17;01/09/2021 13:40:51;5,43;6,67;-1,24;XY9706;LVKR46;30512812;0;0
96711420;77130027;UN04;202109;1,00;376;104;0;01/09/2021;12;4;18;01/09/2021 13:52:06;01/09/2021 13:46:17;5,82;6,67;-0,85;JSWB56;XY9706;30513442;0;0
96711420;77130027;UN04;202109;1,00;376;104;0;01/09/2021;12;5;18;01/09/2021 13:59:17;01/09/2021 13:52:06;7,18;6,67;0,51;HWHH92;JSWB56;30513682;0;0
96711420;77130027;UN04;202109;0,00;376;104;0;01/09/2021;12;6;18;01/09/2021 14:16:47;01/09/2021 13:59:17;17,50;6,67;10,83;GFZR40;HWHH92;30514731;0;0
96711420;77130027;UN04;202109;1,00;376;104;0;01/09/2021;12;7;18;01/09/2021 14:19:48;01/09/2021 14:16:47;3,02;6,67;-3,65;BDRS53;GFZR40;30515030;0;0
96711420;77130027;UN04;202109;0,00;376;104;1;01/09/2021;12;1;29;01/09/2021 13:41:17;;0,00;6,67;-6,67;GPGH32;;30512104;0;0
96711420;77130027;UN04;202109;1,00;376;104;1;01/09/2021;12;2;29;01/09/2021 13:46:47;01/09/2021 13:41:17;5,50;6,67;-1,17;XW8291;GPGH32;30512000;0;0
96711420;77130027;UN04;202109;1,00;376;104;1;01/09/2021;12;3;29;01/09/2021 13:54:49;01/09/2021 13:46:47;8,03;6,67;1,36;HYYY47;XW8291;30512559;0;0
96711420;77130027;UN04;202109;1,00;376;104;1;01/09/2021;12;4;29;01/09/2021 13:59:48;01/09/2021 13:54:49;4,98;6,67;-1,69;ZP9696;HYYY47;30513212;0;0
96711420;77130027;UN04;202109;1,00;376;104;1;01/09/2021;12;5;29;01/09/2021 14:01:24;01/09/2021 13:59:48;1,60;6,67;-5,07;GWZK23;ZP9696;30513621;0;0
96711420;77130027;UN04;202109;0,75;376;104;1;01/09/2021;12;6;29;01/09/2021 14:11:19;01/09/2021 14:01:24;9,92;6,67;3,25;HSKJ30;GWZK23;30513475;0;0
96711420;77130027;UN04;202109;0,00;376;104;1;01/09/2021;12;7;29;01/09/2021 14:24:48;01/09/2021 14:11:19;13,48;6,67;6,81;ZR1738;HSKJ30;30514341;0;0
96711420;77130027;UN04;202109;1,00;376;104;1;01/09/2021;12;8;29;01/09/2021 14:26:51;01/09/2021 14:24:48;2,05;6,67;-4,62;FJZY74;ZR1738;30514618;0;0
96711420;77130027;UN04;202109;1,00;376;104;1;01/09/2021;12;9;29;01/09/2021 14:32:19;01/09/2021 14:26:51;5,47;6,67;-1,20;XL7858;FJZY74;30515000;0;0
96711420;77130027;UN04;202109;0,50;376;104;1;01/09/2021;14;1;1;01/09/2021 14:02:23;01/09/2021 13:51:54;10,48;6,67;3,81;JSWB56;XY9706;30518845;0;0
96711420;77130027;UN04;202109;1,00;376;104;1;01/09/2021;14;2;1;01/09/2021 14:05:58;01/09/2021 14:02:23;3,58;6,67;-3,09;HWHH92;JSWB56;30519532;0;0
96711420;77130027;UN04;202109;0,00;376;104;1;01/09/2021;14;3;1;01/09/2021 14:21:16;01/09/2021 14:05:58;15,30;6,67;8,63;GFZR40;HWHH92;30520251;0;0
96711420;77130027;UN04;202109;1,00;376;104;1;01/09/2021;14;4;1;01/09/2021 14:27:44;01/09/2021 14:21:16;6,47;6,67;-0,20;BDRS53;GFZR40;30520504;0;0
96711420;77130027;UN04;202109;0,50;376;104;1;01/09/2021;14;5;1;01/09/2021 14:38:19;01/09/2021 14:27:44;10,58;6,67;3,91;HYCZ32;BDRS53;30521003;0;0
96711420;77130027;UN04;202109;1,00;376;104;1;01/09/2021;14;6;1;01/09/2021 14:44:41;01/09/2021 14:38:19;6,37;6,67;-0,30;FCVW21;HYCZ32;30521365;0;0
96711420;77130027;UN04;202109;1,00;376;104;1;01/09/2021;14;7;1;01/09/2021 14:47:49;01/09/2021 14:44:41;3,13;6,67;-3,54;FPRY34;FCVW21;30522016;0;0
96711420;77130027;UN04;202109;1,00;376;104;1;01/09/2021;14;8;1;01/09/2021 14:54:01;01/09/2021 14:47:49;6,20;6,67;-0,47;YW6567;FPRY34;30522026;0;0
96711420;77130027;UN04;202109;0,00;376;104;0;01/09/2021;14;1;1;01/09/2021 14:04:24;;0,00;6,67;-6,67;HLZW79;;30519380;0;0
96711420;77130027;UN04;202109;1,00;376;104;0;01/09/2021;14;2;1;01/09/2021 14:10:23;01/09/2021 14:04:24;5,98;6,67;-0,69;JXWH40;HLZW79;30519746;0;0
96711420;77130027;UN04;202109;0,25;376;104;0;01/09/2021;14;3;1;01/09/2021 14:22:19;01/09/2021 14:10:23;11,93;6,67;5,26;XW8291;JXWH40;30520493;0;0
96711420;77130027;UN04;202109;1,00;376;104;0;01/09/2021;14;4;1;01/09/2021 14:26:48;01/09/2021 14:22:19;4,48;6,67;-2,19;HYYY47;XW8291;30520764;0;0
96711420;77130027;UN04;202109;1,00;376;104;0;01/09/2021;14;5;1;01/09/2021 14:34:22;01/09/2021 14:26:48;7,57;6,67;0,90;ZP9696;HYYY47;30521221;0;0
96711420;77130027;UN04;202109;1,00;376;104;0;01/09/2021;14;6;1;01/09/2021 14:38:21;01/09/2021 14:34:22;3,98;6,67;-2,69;GWZK23;ZP9696;30521450;0;0
96711420;77130027;UN04;202109;1,00;376;104;0;01/09/2021;14;7;1;01/09/2021 14:43:21;01/09/2021 14:38:21;5,00;6,67;-1,67;HSKJ30;GWZK23;30521694;0;0
96711420;77130027;UN04;202109;0,50;376;104;0;01/09/2021;14;8;1;01/09/2021 14:54:24;01/09/2021 14:43:21;11,05;6,67;4,38;ZR1738;HSKJ30;30522381;0;0
96711420;77130027;UN04;202109;1,00;376;104;0;01/09/2021;14;9;1;01/09/2021 14:59:22;01/09/2021 14:54:24;4,97;6,67;-1,70;FJZY74;ZR1738;30522681;0;0
96711420;77130027;UN04;202109;0,00;376;104;0;01/09/2021;14;1;2;01/09/2021 14:08:24;;0,00;6,67;-6,67;HLZW79;;30519380;0;0
96711420;77130027;UN04;202109;1,00;376;104;0;01/09/2021;14;2;2;01/09/2021 14:13:24;01/09/2021 14:08:24;5,00;6,67;-1,67;JXWH40;HLZW79;30519746;0;0
96711420;77130027;UN04;202109;0,25;376;104;0;01/09/2021;14;3;2;01/09/2021 14:25:19;01/09/2021 14:13:24;11,92;6,67;5,25;XW8291;JXWH40;30520493;0;0
96711420;77130027;UN04;202109;1,00;376;104;0;01/09/2021;14;4;2;01/09/2021 14:30:19;01/09/2021 14:25:19;5,00;6,67;-1,67;HYYY47;XW8291;30520764;0;0
96711420;77130027;UN04;202109;1,00;376;104;0;01/09/2021;14;5;2;01/09/2021 14:38:18;01/09/2021 14:30:19;7,98;6,67;1,31;ZP9696;HYYY47;30521221;0;0
96711420;77130027;UN04;202109;1,00;376;104;0;01/09/2021;14;6;2;01/09/2021 14:42:21;01/09/2021 14:38:18;4,05;6,67;-2,62;GWZK23;ZP9696;30521450;0;0
96711420;77130027;UN04;202109;1,00;376;104;0;01/09/2021;14;7;2;01/09/2021 14:47:19;01/09/2021 14:42:21;4,97;6,67;-1,70;HSKJ30;GWZK23;30521694;0;0
96711420;77130027;UN04;202109;0,50;376;104;0;01/09/2021;14;8;2;01/09/2021 14:58:19;01/09/2021 14:47:19;11,00;6,67;4,33;ZR1738;HSKJ30;30522381;0;0
96711420;77130027;UN04;202109;1,00;376;104;0;01/09/2021;14;9;2;01/09/2021 15:02:20;01/09/2021 14:58:19;4,02;6,67;-2,65;FJZY74;ZR1738;30522681;0;0
96711420;77130027;UN04;202109;0,25;376;104;1;01/09/2021;14;1;2;01/09/2021 14:11:48;01/09/2021 13:58:53;12,92;6,67;6,25;JSWB56;XY9706;30518845;0;0
96711420;77130027;UN04;202109;1,00;376;104;1;01/09/2021;14;2;2;01/09/2021 14:16:20;01/09/2021 14:11:48;4,53;6,67;-2,14;HWHH92;JSWB56;30519532;0;0
96711420;77130027;UN04;202109;0,00;376;104;1;01/09/2021;14;3;2;01/09/2021 14:31:16;01/09/2021 14:16:20;14,93;6,67;8,26;GFZR40;HWHH92;30520251;0;0
96711420;77130027;UN04;202109;1,00;376;104;1;01/09/2021;14;4;2;01/09/2021 14:34:46;01/09/2021 14:31:16;3,50;6,67;-3,17;BDRS53;GFZR40;30520504;0;0
96711420;77130027;UN04;202109;0,50;376;104;1;01/09/2021;14;5;2;01/09/2021 14:44:53;01/09/2021 14:34:46;10,12;6,67;3,45;HYCZ32;BDRS53;30521003;0;0
96711420;77130027;UN04;202109;1,00;376;104;1;01/09/2021;14;6;2;01/09/2021 14:51:16;01/09/2021 14:44:53;6,38;6,67;-0,29;FCVW21;HYCZ32;30521365;0;0
96711420;77130027;UN04;202109;1,00;376;104;1;01/09/2021;14;7;2;01/09/2021 14:56:16;01/09/2021 14:51:16;5,00;6,67;-1,67;FPRY34;FCVW21;30522016;0;0
96711420;77130027;UN04;202109;1,00;376;104;1;01/09/2021;14;8;2;01/09/2021 15:01:53;01/09/2021 14:56:16;5,62;6,67;-1,05;YW6567;FPRY34;30522026;0;0
96711420;77130027;UN04;202109;0,00;376;104;0;01/09/2021;13;1;18;01/09/2021 14:29:17;;0,00;6,67;-6,67;HYCZ32;;30515606;0;0
96711420;77130027;UN04;202109;1,00;376;104;0;01/09/2021;13;2;18;01/09/2021 14:35:20;01/09/2021 14:29:17;6,05;6,67;-0,62;FCVW21;HYCZ32;30515964;0;0
96711420;77130027;UN04;202109;1,00;376;104;0;01/09/2021;13;3;18;01/09/2021 14:41:47;01/09/2021 14:35:20;6,45;6,67;-0,22;FPRY34;FCVW21;30516145;0;0
96711420;77130027;UN04;202109;1,00;376;104;0;01/09/2021;13;4;18;01/09/2021 14:46:21;01/09/2021 14:41:47;4,57;6,67;-2,10;YW6567;FPRY34;30516500;0;0
96711420;77130027;UN04;202109;0,00;376;104;0;01/09/2021;13;5;18;01/09/2021 15:01:46;01/09/2021 14:46:21;15,42;6,67;8,75;HDSB58;YW6567;30517617;0;0
96711420;77130027;UN04;202109;1,00;376;104;0;01/09/2021;13;6;18;01/09/2021 15:05:47;01/09/2021 15:01:46;4,02;6,67;-2,65;JWTG29;HDSB58;30517972;0;0
96711420;77130027;UN04;202109;1,00;376;104;0;01/09/2021;13;7;18;01/09/2021 15:11:06;01/09/2021 15:05:47;5,32;6,67;-1,35;JJYW74;JWTG29;30518367;0;0
96711420;77130027;UN04;202109;0,50;376;104;0;01/09/2021;13;8;18;01/09/2021 15:21:46;01/09/2021 15:11:06;10,67;6,67;4,00;JCGC63;JJYW74;30518698;0;0
96711420;77130027;UN04;202109;1,00;376;104;0;01/09/2021;13;9;18;01/09/2021 15:24:47;01/09/2021 15:21:46;3,02;6,67;-3,65;JRKG10;JCGC63;30519053;0;0
96711420;77130027;UN04;202109;0,00;376;104;1;01/09/2021;13;1;29;01/09/2021 14:45:16;;0,00;6,67;-6,67;JWYJ53;;30515600;0;0
96711420;77130027;UN04;202109;1,00;376;104;1;01/09/2021;13;2;29;01/09/2021 14:53:17;01/09/2021 14:45:16;8,02;6,67;1,35;FVGC37;JWYJ53;30516075;0;0
96711420;77130027;UN04;202109;1,00;376;104;1;01/09/2021;13;3;29;01/09/2021 14:53:23;01/09/2021 14:53:17;0,10;6,67;-6,57;JDYK21;FVGC37;30516141;0;0
96711420;77130027;UN04;202109;1,00;376;104;1;01/09/2021;13;4;29;01/09/2021 15:01:16;01/09/2021 14:53:23;7,88;6,67;1,21;CGJX40;JDYK21;30517011;0;0
96711420;77130027;UN04;202109;1,00;376;104;1;01/09/2021;13;5;29;01/09/2021 15:01:25;01/09/2021 15:01:16;0,15;6,67;-6,52;YB7798;CGJX40;30516944;0;0
96711420;77130027;UN04;202109;0,00;376;104;1;01/09/2021;13;6;29;01/09/2021 15:16:19;01/09/2021 15:01:25;14,90;6,67;8,23;LBFZ50;YB7798;30517586;0;0
96711420;77130027;UN04;202109;1,00;376;104;1;01/09/2021;13;7;29;01/09/2021 15:16:20;01/09/2021 15:16:19;0,02;6,67;-6,65;FXZW67;LBFZ50;30517583;0;0
96711420;77130027;UN04;202109;0,50;376;104;1;01/09/2021;13;8;29;01/09/2021 15:27:53;01/09/2021 15:16:20;11,55;6,67;4,88;LVKR46;FXZW67;30518249;0;0
96711420;77130027;UN04;202109;1,00;376;104;1;01/09/2021;13;9;29;01/09/2021 15:29:53;01/09/2021 15:27:53;2,00;6,67;-4,67;XY9706;LVKR46;30518425;0;0
96711420;77130027;UN04;202109;0,00;376;104;0;01/09/2021;15;1;1;01/09/2021 15:02:50;;0,00;6,67;-6,67;XL7858;;30522921;0;0
96711420;77130027;UN04;202109;0,00;376;104;0;01/09/2021;15;2;1;01/09/2021 15:16:22;01/09/2021 15:02:50;13,53;6,67;6,86;JWYJ53;XL7858;30523735;0;0
96711420;77130027;UN04;202109;1,00;376;104;0;01/09/2021;15;3;1;01/09/2021 15:21:19;01/09/2021 15:16:22;4,95;6,67;-1,72;FVGC37;JWYJ53;30524034;0;0
96711420;77130027;UN04;202109;1,00;376;104;0;01/09/2021;15;4;1;01/09/2021 15:27:20;01/09/2021 15:21:19;6,02;6,67;-0,65;JDYK21;FVGC37;30524363;0;0
96711420;77130027;UN04;202109;1,00;376;104;0;01/09/2021;15;5;1;01/09/2021 15:35:18;01/09/2021 15:27:20;7,97;6,67;1,30;XY1830;JDYK21;30524870;0;0
96711420;77130027;UN04;202109;1,00;376;104;0;01/09/2021;15;6;1;01/09/2021 15:39:49;01/09/2021 15:35:18;4,52;6,67;-2,15;YB7798;XY1830;30525148;0;0
96711420;77130027;UN04;202109;1,00;376;104;0;01/09/2021;15;7;1;01/09/2021 15:47:16;01/09/2021 15:39:49;7,45;6,67;0,78;CGJX40;YB7798;30525620;0;0
96711420;77130027;UN04;202109;1,00;376;104;0;01/09/2021;15;8;1;01/09/2021 15:51:50;01/09/2021 15:47:16;4,57;6,67;-2,10;LBFZ50;CGJX40;30525864;0;0
96711420;77130027;UN04;202109;0,00;376;104;0;01/09/2021;15;1;2;01/09/2021 15:05:20;;0,00;6,67;-6,67;XL7858;;30522921;0;0
96711420;77130027;UN04;202109;0,00;376;104;0;01/09/2021;15;2;2;01/09/2021 15:20:21;01/09/2021 15:05:20;15,02;6,67;8,35;JWYJ53;XL7858;30523735;0;0
96711420;77130027;UN04;202109;1,00;376;104;0;01/09/2021;15;3;2;01/09/2021 15:25:19;01/09/2021 15:20:21;4,97;6,67;-1,70;FVGC37;JWYJ53;30524034;0;0
96711420;77130027;UN04;202109;1,00;376;104;0;01/09/2021;15;4;2;01/09/2021 15:30:51;01/09/2021 15:25:19;5,53;6,67;-1,14;JDYK21;FVGC37;30524363;0;0
96711420;77130027;UN04;202109;1,00;376;104;0;01/09/2021;15;5;2;01/09/2021 15:38:17;01/09/2021 15:30:51;7,43;6,67;0,76;XY1830;JDYK21;30524870;0;0
96711420;77130027;UN04;202109;1,00;376;104;0;01/09/2021;15;6;2;01/09/2021 15:43:25;01/09/2021 15:38:17;5,13;6,67;-1,54;YB7798;XY1830;30525148;0;0
96711420;77130027;UN04;202109;1,00;376;104;0;01/09/2021;15;7;2;01/09/2021 15:50:46;01/09/2021 15:43:25;7,35;6,67;0,68;CGJX40;YB7798;30525620;0;0
96711420;77130027;UN04;202109;1,00;376;104;0;01/09/2021;15;8;2;01/09/2021 15:55:20;01/09/2021 15:50:46;4,57;6,67;-2,10;LBFZ50;CGJX40;30525864;0;0
96711420;77130027;UN04;202109;0,00;376;104;1;01/09/2021;15;1;1;01/09/2021 15:05:50;;0,00;6,67;-6,67;LBGG46;;30523135;0;0
96711420;77130027;UN04;202109;1,00;376;104;1;01/09/2021;15;2;1;01/09/2021 15:10:50;01/09/2021 15:05:50;5,00;6,67;-1,67;HDSB58;LBGG46;30522981;0;0
96711420;77130027;UN04;202109;1,00;376;104;1;01/09/2021;15;3;1;01/09/2021 15:17:48;01/09/2021 15:10:50;6,97;6,67;0,30;JWTG29;HDSB58;30523232;0;0
96711420;77130027;UN04;202109;0,75;376;104;1;01/09/2021;15;4;1;01/09/2021 15:27:24;01/09/2021 15:17:48;9,60;6,67;2,93;JCGC63;JWTG29;30524369;0;0
96711420;77130027;UN04;202109;1,00;376;104;1;01/09/2021;15;5;1;01/09/2021 15:34:13;01/09/2021 15:27:24;6,82;6,67;0,15;JRKG10;JCGC63;30524338;0;0
96711420;77130027;UN04;202109;1,00;376;104;1;01/09/2021;15;6;1;01/09/2021 15:42:22;01/09/2021 15:34:13;8,15;6,67;1,48;HLZW79;JRKG10;30524876;0;0
96711420;77130027;UN04;202109;1,00;376;104;1;01/09/2021;15;7;1;01/09/2021 15:48:17;01/09/2021 15:42:22;5,92;6,67;-0,75;JXWH40;HLZW79;30525209;0;0
96711420;77130027;UN04;202109;1,00;376;104;1;01/09/2021;15;8;1;01/09/2021 15:51:54;01/09/2021 15:48:17;3,62;6,67;-3,05;GPGH32;JXWH40;30525903;0;0
96711420;77130027;UN04;202109;1,00;376;104;1;01/09/2021;15;9;1;01/09/2021 15:58:00;01/09/2021 15:51:54;6,10;6,67;-0,57;XW8291;GPGH32;30525987;0;0
96711420;77130027;UN04;202109;0,00;376;104;1;01/09/2021;15;1;2;01/09/2021 15:18:22;;0,00;6,67;-6,67;HDSB58;;30522981;0;0
96711420;77130027;UN04;202109;1,00;376;104;1;01/09/2021;15;2;2;01/09/2021 15:23:16;01/09/2021 15:18:22;4,90;6,67;-1,77;JWTG29;HDSB58;30523232;0;0
96711420;77130027;UN04;202109;0,25;376;104;1;01/09/2021;15;3;2;01/09/2021 15:36:21;01/09/2021 15:23:16;13,08;6,67;6,41;JCGC63;JWTG29;30524369;0;0
96711420;77130027;UN04;202109;1,00;376;104;1;01/09/2021;15;4;2;01/09/2021 15:42:54;01/09/2021 15:36:21;6,55;6,67;-0,12;JRKG10;JCGC63;30524338;0;0
96711420;77130027;UN04;202109;1,00;376;104;1;01/09/2021;15;5;2;01/09/2021 15:49:22;01/09/2021 15:42:54;6,47;6,67;-0,20;HLZW79;JRKG10;30524876;0;0
96711420;77130027;UN04;202109;1,00;376;104;1;01/09/2021;15;6;2;01/09/2021 15:55:48;01/09/2021 15:49:22;6,43;6,67;-0,24;JXWH40;HLZW79;30525209;0;0
96711420;77130027;UN04;202109;1,00;376;104;1;01/09/2021;15;7;2;01/09/2021 16:00:19;01/09/2021 15:55:48;4,52;6,67;-2,15;GPGH32;JXWH40;30525903;0;0
96711420;77130027;UN04;202109;1,00;376;104;1;01/09/2021;15;8;2;01/09/2021 16:06:48;01/09/2021 16:00:19;6,48;6,67;-0,19;XW8291;GPGH32;30525987;0;0
96711420;77130027;UN04;202109;0,00;376;104;0;01/09/2021;14;1;18;01/09/2021 15:33:43;;0,00;6,67;-6,67;HLZW79;;30519380;0;0
96711420;77130027;UN04;202109;1,00;376;104;0;01/09/2021;14;2;18;01/09/2021 15:38:55;01/09/2021 15:33:43;5,20;6,67;-1,47;JXWH40;HLZW79;30519746;0;0
96711420;77130027;UN04;202109;0,25;376;104;0;01/09/2021;14;3;18;01/09/2021 15:51:15;01/09/2021 15:38:55;12,33;6,67;5,66;HYYY47;JXWH40;30520764;0;0
96711420;77130027;UN04;202109;1,00;376;104;0;01/09/2021;14;4;18;01/09/2021 15:52:21;01/09/2021 15:51:15;1,10;6,67;-5,57;XW8291;HYYY47;30520493;0;0
96711420;77130027;UN04;202109;0,00;376;104;0;01/09/2021;14;5;18;01/09/2021 16:06:03;01/09/2021 15:52:21;13,70;6,67;7,03;ZP9696;XW8291;30521221;0;0
96711420;77130027;UN04;202109;1,00;376;104;0;01/09/2021;14;6;18;01/09/2021 16:07:24;01/09/2021 16:06:03;1,35;6,67;-5,32;GWZK23;ZP9696;30521450;0;0
96711420;77130027;UN04;202109;1,00;376;104;0;01/09/2021;14;7;18;01/09/2021 16:12:40;01/09/2021 16:07:24;5,27;6,67;-1,40;HSKJ30;GWZK23;30521694;0;0
96711420;77130027;UN04;202109;0,50;376;104;0;01/09/2021;14;8;18;01/09/2021 16:22:52;01/09/2021 16:12:40;10,20;6,67;3,53;ZR1738;HSKJ30;30522381;0;0
96711420;77130027;UN04;202109;1,00;376;104;0;01/09/2021;14;9;18;01/09/2021 16:27:48;01/09/2021 16:22:52;4,93;6,67;-1,74;FJZY74;ZR1738;30522681;0;0
96711420;77130027;UN04;202109;0,00;376;104;1;01/09/2021;14;1;29;01/09/2021 15:46:21;;0,00;6,67;-6,67;HWHH92;;30519532;0;0
96711420;77130027;UN04;202109;0,00;376;104;1;01/09/2021;14;2;29;01/09/2021 15:46:22;01/09/2021 15:29:53;16,48;6,67;9,81;JSWB56;XY9706;30518845;0;0
96711420;77130027;UN04;202109;0,25;376;104;1;01/09/2021;14;3;29;01/09/2021 15:58:47;01/09/2021 15:46:22;12,42;6,67;5,75;GFZR40;JSWB56;30520251;0;0
96711420;77130027;UN04;202109;1,00;376;104;1;01/09/2021;14;4;29;01/09/2021 16:06:48;01/09/2021 15:58:47;8,02;6,67;1,35;BDRS53;GFZR40;30520504;0;0
96711420;77130027;UN04;202109;0,75;376;104;1;01/09/2021;14;5;29;01/09/2021 16:16:20;01/09/2021 16:06:48;9,53;6,67;2,86;HYCZ32;BDRS53;30521003;0;0
96711420;77130027;UN04;202109;1,00;376;104;1;01/09/2021;14;6;29;01/09/2021 16:17:25;01/09/2021 16:16:20;1,08;6,67;-5,59;FCVW21;HYCZ32;30521365;0;0
96711420;77130027;UN04;202109;1,00;376;104;1;01/09/2021;14;7;29;01/09/2021 16:22:38;01/09/2021 16:17:25;5,22;6,67;-1,45;FPRY34;FCVW21;30522016;0;0
96711420;77130027;UN04;202109;0,50;376;104;1;01/09/2021;14;8;29;01/09/2021 16:33:48;01/09/2021 16:22:38;11,17;6,67;4,50;YW6567;FPRY34;30522026;0;0
96711420;77130027;UN04;202109;0,00;376;104;0;01/09/2021;16;1;1;01/09/2021 16:03:46;;0,00;6,67;-6,67;LVKR46;;30526550;0;0
96711420;77130027;UN04;202109;1,00;376;104;0;01/09/2021;16;2;1;01/09/2021 16:08:52;01/09/2021 16:03:46;5,10;6,67;-1,57;XY9706;LVKR46;30526857;0;0
96711420;77130027;UN04;202109;0,00;376;104;0;01/09/2021;16;3;1;01/09/2021 16:22:51;01/09/2021 16:08:52;13,98;6,67;7,31;JSWB56;XY9706;30527690;0;0
96711420;77130027;UN04;202109;1,00;376;104;0;01/09/2021;16;4;1;01/09/2021 16:26:52;01/09/2021 16:22:51;4,02;6,67;-2,65;HWHH92;JSWB56;30527965;0;0
96711420;77130027;UN04;202109;1,00;376;104;0;01/09/2021;16;5;1;01/09/2021 16:32:53;01/09/2021 16:26:52;6,02;6,67;-0,65;FXRR73;HWHH92;30528327;0;0
96711420;77130027;UN04;202109;0,25;376;104;0;01/09/2021;16;6;1;01/09/2021 16:45:19;01/09/2021 16:32:53;12,43;6,67;5,76;GFZR40;FXRR73;30529077;0;0
96711420;77130027;UN04;202109;1,00;376;104;1;01/09/2021;16;1;1;01/09/2021 16:04:40;01/09/2021 15:58:00;6,67;6,67;0,00;HYYY47;XW8291;30525953;0;0
96711420;77130027;UN04;202109;1,00;376;104;1;01/09/2021;16;2;1;01/09/2021 16:11:17;01/09/2021 16:04:40;6,62;6,67;-0,05;ZP9696;HYYY47;30527006;0;0
96711420;77130027;UN04;202109;1,00;376;104;1;01/09/2021;16;3;1;01/09/2021 16:16:13;01/09/2021 16:11:17;4,93;6,67;-1,74;GWZK23;ZP9696;30526918;0;0
96711420;77130027;UN04;202109;1,00;376;104;1;01/09/2021;16;4;1;01/09/2021 16:22:44;01/09/2021 16:16:13;6,52;6,67;-0,15;HSKJ30;GWZK23;30527248;0;0
96711420;77130027;UN04;202109;0,50;376;104;1;01/09/2021;16;5;1;01/09/2021 16:32:49;01/09/2021 16:22:44;10,08;6,67;3,41;ZR1738;HSKJ30;30528352;0;0
96711420;77130027;UN04;202109;1,00;376;104;1;01/09/2021;16;6;1;01/09/2021 16:35:19;01/09/2021 16:32:49;2,50;6,67;-4,17;FJZY74;ZR1738;30528112;0;0
96711420;77130027;UN04;202109;1,00;376;104;1;01/09/2021;16;7;1;01/09/2021 16:40:16;01/09/2021 16:35:19;4,95;6,67;-1,72;XL7858;FJZY74;30528772;0;0
96711420;77130027;UN04;202109;0,50;376;104;1;01/09/2021;16;8;1;01/09/2021 16:51:54;01/09/2021 16:40:16;11,63;6,67;4,96;JWYJ53;XL7858;30529396;0;0
96711420;77130027;UN04;202109;0,00;376;104;0;01/09/2021;16;1;2;01/09/2021 16:10:38;;0,00;6,67;-6,67;LVKR46;;30526550;0;0
96711420;77130027;UN04;202109;1,00;376;104;0;01/09/2021;16;2;2;01/09/2021 16:13:53;01/09/2021 16:10:38;3,25;6,67;-3,42;XY9706;LVKR46;30526857;0;0
96711420;77130027;UN04;202109;0,25;376;104;0;01/09/2021;16;3;2;01/09/2021 16:26:16;01/09/2021 16:13:53;12,38;6,67;5,71;JSWB56;XY9706;30527690;0;0
96711420;77130027;UN04;202109;1,00;376;104;0;01/09/2021;16;4;2;01/09/2021 16:30:22;01/09/2021 16:26:16;4,10;6,67;-2,57;HWHH92;JSWB56;30527965;0;0
96711420;77130027;UN04;202109;1,00;376;104;0;01/09/2021;16;5;2;01/09/2021 16:34:53;01/09/2021 16:30:22;4,52;6,67;-2,15;FXRR73;HWHH92;30528327;0;0
96711420;77130027;UN04;202109;0,00;376;104;0;01/09/2021;16;6;2;01/09/2021 16:48:53;01/09/2021 16:34:53;14,00;6,67;7,33;GFZR40;FXRR73;30529077;0;0
96711420;77130027;UN04;202109;1,00;376;104;1;01/09/2021;16;1;2;01/09/2021 16:10:46;01/09/2021 16:06:48;3,97;6,67;-2,70;HYYY47;XW8291;30525953;0;0
96711420;77130027;UN04;202109;0,75;376;104;1;01/09/2021;16;2;2;01/09/2021 16:19:48;01/09/2021 16:10:46;9,03;6,67;2,36;ZP9696;HYYY47;30527006;0;0
96711420;77130027;UN04;202109;1,00;376;104;1;01/09/2021;16;3;2;01/09/2021 16:24:16;01/09/2021 16:19:48;4,47;6,67;-2,20;GWZK23;ZP9696;30526918;0;0
96711420;77130027;UN04;202109;1,00;376;104;1;01/09/2021;16;4;2;01/09/2021 16:27:53;01/09/2021 16:24:16;3,62;6,67;-3,05;HSKJ30;GWZK23;30527248;0;0
96711420;77130027;UN04;202109;0,50;376;104;1;01/09/2021;16;5;2;01/09/2021 16:39:25;01/09/2021 16:27:53;11,53;6,67;4,86;ZR1738;HSKJ30;30528352;0;0
96711420;77130027;UN04;202109;1,00;376;104;1;01/09/2021;16;6;2;01/09/2021 16:41:50;01/09/2021 16:39:25;2,42;6,67;-4,25;FJZY74;ZR1738;30528112;0;0
96711420;77130027;UN04;202109;1,00;376;104;1;01/09/2021;16;7;2;01/09/2021 16:47:53;01/09/2021 16:41:50;6,05;6,67;-0,62;XL7858;FJZY74;30528772;0;0
96711420;77130027;UN04;202109;0,50;376;104;1;01/09/2021;16;8;2;01/09/2021 16:59:22;01/09/2021 16:47:53;11,48;6,67;4,81;JWYJ53;XL7858;30529396;0;0
96711420;77130027;UN04;202109;0,00;376;104;0;01/09/2021;15;1;18;01/09/2021 16:30:22;;0,00;6,67;-6,67;XL7858;;30522921;0;0
96711420;77130027;UN04;202109;0,00;376;104;0;01/09/2021;15;2;18;01/09/2021 16:47:51;01/09/2021 16:30:22;17,48;6,67;10,81;JWYJ53;XL7858;30523735;0;0
96711420;77130027;UN04;202109;1,00;376;104;0;01/09/2021;15;3;18;01/09/2021 16:49:32;01/09/2021 16:47:51;1,68;6,67;-4,99;FVGC37;JWYJ53;30524034;0;0
96711420;77130027;UN04;202109;1,00;376;104;0;01/09/2021;15;4;18;01/09/2021 16:56:50;01/09/2021 16:49:32;7,30;6,67;0,63;JDYK21;FVGC37;30524363;0;0
96711420;77130027;UN04;202109;1,00;376;104;0;01/09/2021;15;5;18;01/09/2021 17:03:19;01/09/2021 16:56:50;6,48;6,67;-0,19;XY1830;JDYK21;30524870;0;0
96711420;77130027;UN04;202109;1,00;376;104;0;01/09/2021;15;6;18;01/09/2021 17:10:59;01/09/2021 17:03:19;7,67;6,67;1,00;YB7798;XY1830;30525148;0;0
96711420;77130027;UN04;202109;1,00;376;104;0;01/09/2021;15;7;18;01/09/2021 17:16:40;01/09/2021 17:10:59;5,68;6,67;-0,99;CGJX40;YB7798;30525620;0;0
96711420;77130027;UN04;202109;1,00;376;104;0;01/09/2021;15;8;18;01/09/2021 17:23:21;01/09/2021 17:16:40;6,68;6,67;0,01;LBFZ50;CGJX40;30525864;0;0
96711420;77130027;UN04;202109;0,00;376;104;1;01/09/2021;15;1;29;01/09/2021 16:43:50;;0,00;6,67;-6,67;LBGG46;;30523135;0;0
96711420;77130027;UN04;202109;1,00;376;104;1;01/09/2021;15;2;29;01/09/2021 16:51:24;01/09/2021 16:43:50;7,57;6,67;0,90;HDSB58;LBGG46;30522981;0;0
96711420;77130027;UN04;202109;1,00;376;104;1;01/09/2021;15;3;29;01/09/2021 16:55:47;01/09/2021 16:51:24;4,38;6,67;-2,29;JWTG29;HDSB58;30523232;0;0
96711420;77130027;UN04;202109;0,00;376;104;1;01/09/2021;15;4;29;01/09/2021 17:14:54;01/09/2021 16:55:47;19,12;6,67;12,45;JRKG10;JWTG29;30524338;0;0
96711420;77130027;UN04;202109;1,00;376;104;1;01/09/2021;15;5;29;01/09/2021 17:16:22;01/09/2021 17:14:54;1,47;6,67;-5,20;JCGC63;JRKG10;30524369;0;0
96711420;77130027;UN04;202109;1,00;376;104;1;01/09/2021;15;6;29;01/09/2021 17:21:23;01/09/2021 17:16:22;5,02;6,67;-1,65;HLZW79;JCGC63;30524876;0;0
96711420;77130027;UN04;202109;0,75;376;104;1;01/09/2021;15;7;29;01/09/2021 17:31:17;01/09/2021 17:21:23;9,90;6,67;3,23;JXWH40;HLZW79;30525209;0;0
96711420;77130027;UN04;202109;1,00;376;104;1;01/09/2021;15;8;29;01/09/2021 17:32:46;01/09/2021 17:31:17;1,48;6,67;-5,19;GPGH32;JXWH40;30525903;0;0
96711420;77130027;UN04;202109;1,00;376;104;1;01/09/2021;15;9;29;01/09/2021 17:38:50;01/09/2021 17:32:46;6,07;6,67;-0,60;XW8291;GPGH32;30525987;0;0
96711420;77130027;UN04;202109;0,00;376;104;0;01/09/2021;17;1;1;01/09/2021 17:03:46;;0,00;6,67;-6,67;HYCZ32;;30530188;0;0
96711420;77130027;UN04;202109;0,00;376;104;0;01/09/2021;17;2;1;01/09/2021 17:44:19;01/09/2021 17:03:46;40,55;6,67;33,88;JJYW74;HYCZ32;30532614;0;0
96711420;77130027;UN04;202109;1,00;376;104;0;01/09/2021;17;3;1;01/09/2021 17:50:48;01/09/2021 17:44:19;6,48;6,67;-0,19;JCGC63;JJYW74;30533005;0;0
96711420;77130027;UN04;202109;1,00;376;104;0;01/09/2021;17;4;1;01/09/2021 17:55:47;01/09/2021 17:50:48;4,98;6,67;-1,69;JRKG10;JCGC63;30533281;0;0
96711420;77130027;UN04;202109;0,25;376;104;1;01/09/2021;17;1;1;01/09/2021 17:04:15;01/09/2021 16:51:54;12,35;6,67;5,68;JDYK21;JWYJ53;30529911;0;0
96711420;77130027;UN04;202109;1,00;376;104;1;01/09/2021;17;2;1;01/09/2021 17:09:47;01/09/2021 17:04:15;5,53;6,67;-1,14;XY1830;JDYK21;30530303;0;0
96711420;77130027;UN04;202109;1,00;376;104;1;01/09/2021;17;3;1;01/09/2021 17:16:40;01/09/2021 17:09:47;6,88;6,67;0,21;YB7798;XY1830;30530729;0;0
96711420;77130027;UN04;202109;0,25;376;104;1;01/09/2021;17;4;1;01/09/2021 17:28:34;01/09/2021 17:16:40;11,90;6,67;5,23;LBFZ50;YB7798;30531502;0;0
96711420;77130027;UN04;202109;1,00;376;104;1;01/09/2021;17;5;1;01/09/2021 17:33:48;01/09/2021 17:28:34;5,23;6,67;-1,44;FXZW67;LBFZ50;30531930;0;0
96711420;77130027;UN04;202109;1,00;376;104;1;01/09/2021;17;6;1;01/09/2021 17:37:21;01/09/2021 17:33:48;3,55;6,67;-3,12;LVKR46;FXZW67;30532195;0;0
96711420;77130027;UN04;202109;0,75;376;104;1;01/09/2021;17;7;1;01/09/2021 17:47:05;01/09/2021 17:37:21;9,73;6,67;3,06;XY9706;LVKR46;30532611;0;0
96711420;77130027;UN04;202109;0,25;376;104;1;01/09/2021;17;8;1;01/09/2021 17:59:12;01/09/2021 17:47:05;12,12;6,67;5,45;JSWB56;XY9706;30533517;0;0
96711420;77130027;UN04;202109;0,00;376;104;0;01/09/2021;17;1;2;01/09/2021 17:06:46;;0,00;6,67;-6,67;HYCZ32;;30530188;0;0
96711420;77130027;UN04;202109;0,00;376;104;0;01/09/2021;17;2;2;01/09/2021 17:49:50;01/09/2021 17:06:46;43,07;6,67;36,40;JJYW74;HYCZ32;30532614;0;0
96711420;77130027;UN04;202109;1,00;376;104;0;01/09/2021;17;3;2;01/09/2021 17:54:22;01/09/2021 17:49:50;4,53;6,67;-2,14;JCGC63;JJYW74;30533005;0;0
96711420;77130027;UN04;202109;1,00;376;104;0;01/09/2021;17;4;2;01/09/2021 18:01:17;01/09/2021 17:54:22;6,92;6,67;0,25;JRKG10;JCGC63;30533281;0;0
96711420;77130027;UN04;202109;0,25;376;104;1;01/09/2021;17;1;2;01/09/2021 17:12:22;01/09/2021 16:59:22;13,00;6,67;6,33;JDYK21;JWYJ53;30529911;0;0
96711420;77130027;UN04;202109;1,00;376;104;1;01/09/2021;17;2;2;01/09/2021 17:17:17;01/09/2021 17:12:22;4,92;6,67;-1,75;XY1830;JDYK21;30530303;0;0
96711420;77130027;UN04;202109;1,00;376;104;1;01/09/2021;17;3;2;01/09/2021 17:23:46;01/09/2021 17:17:17;6,48;6,67;-0,19;YB7798;XY1830;30530729;0;0
96711420;77130027;UN04;202109;0,50;376;104;1;01/09/2021;17;4;2;01/09/2021 17:34:51;01/09/2021 17:23:46;11,08;6,67;4,41;LBFZ50;YB7798;30531502;0;0
96711420;77130027;UN04;202109;1,00;376;104;1;01/09/2021;17;5;2;01/09/2021 17:41:48;01/09/2021 17:34:51;6,95;6,67;0,28;FXZW67;LBFZ50;30531930;0;0
96711420;77130027;UN04;202109;1,00;376;104;1;01/09/2021;17;6;2;01/09/2021 17:49:20;01/09/2021 17:41:48;7,53;6,67;0,86;LVKR46;FXZW67;30532195;0;0
96711420;77130027;UN04;202109;1,00;376;104;1;01/09/2021;17;7;2;01/09/2021 17:55:18;01/09/2021 17:49:20;5,97;6,67;-0,70;XY9706;LVKR46;30532611;0;0
96711420;77130027;UN04;202109;0,00;376;104;1;01/09/2021;17;8;2;01/09/2021 18:09:22;01/09/2021 17:55:18;14,07;6,67;7,40;JSWB56;XY9706;30533517;0;0
96711420;77130027;UN04;202109;0,00;376;104;0;01/09/2021;16;1;18;01/09/2021 17:35:51;;0,00;6,67;-6,67;LVKR46;;30526550;0;0
96711420;77130027;UN04;202109;1,00;376;104;0;01/09/2021;16;2;18;01/09/2021 17:42:12;01/09/2021 17:35:51;6,35;6,67;-0,32;XY9706;LVKR46;30526857;0;0
96711420;77130027;UN04;202109;0,00;376;104;0;01/09/2021;16;3;18;01/09/2021 17:57:22;01/09/2021 17:42:12;15,17;6,67;8,50;JSWB56;XY9706;30527690;0;0
96711420;77130027;UN04;202109;1,00;376;104;0;01/09/2021;16;4;18;01/09/2021 17:57:41;01/09/2021 17:57:22;0,32;6,67;-6,35;HWHH92;JSWB56;30527965;0;0
96711420;77130027;UN04;202109;0,75;376;104;0;01/09/2021;16;5;18;01/09/2021 18:06:17;01/09/2021 17:57:41;8,60;6,67;1,93;FXRR73;HWHH92;30528327;0;0
96711420;77130027;UN04;202109;0,00;376;104;0;01/09/2021;16;6;18;01/09/2021 18:23:21;01/09/2021 18:06:17;17,07;6,67;10,40;GFZR40;FXRR73;30529077;0;0
96711420;77130027;UN04;202109;1,00;376;104;1;01/09/2021;16;1;29;01/09/2021 17:44:18;01/09/2021 17:38:50;5,47;6,67;-1,20;HYYY47;XW8291;30525953;0;0
96711420;77130027;UN04;202109;0,00;376;104;1;01/09/2021;16;2;29;01/09/2021 17:58:50;01/09/2021 17:44:18;14,53;6,67;7,86;ZP9696;HYYY47;30527006;0;0
96711420;77130027;UN04;202109;1,00;376;104;1;01/09/2021;16;3;29;01/09/2021 18:00:48;01/09/2021 17:58:50;1,97;6,67;-4,70;GWZK23;ZP9696;30526918;0;0
96711420;77130027;UN04;202109;1,00;376;104;1;01/09/2021;16;4;29;01/09/2021 18:06:22;01/09/2021 18:00:48;5,57;6,67;-1,10;HSKJ30;GWZK23;30527248;0;0
96711420;77130027;UN04;202109;0,50;376;104;1;01/09/2021;16;5;29;01/09/2021 18:17:46;01/09/2021 18:06:22;11,40;6,67;4,73;ZR1738;HSKJ30;30528352;0;0
96711420;77130027;UN04;202109;1,00;376;104;1;01/09/2021;16;6;29;01/09/2021 18:24:51;01/09/2021 18:17:46;7,08;6,67;0,41;FJZY74;ZR1738;30528112;0;0
96711420;77130027;UN04;202109;1,00;376;104;1;01/09/2021;16;7;29;01/09/2021 18:29:54;01/09/2021 18:24:51;5,05;6,67;-1,62;XL7858;FJZY74;30528772;0;0
96711420;77130027;UN04;202109;0,00;376;104;1;01/09/2021;16;8;29;01/09/2021 18:46:50;01/09/2021 18:29:54;16,93;6,67;10,26;JWYJ53;XL7858;30529396;0;0
96711420;77130027;UN04;202109;0,00;376;104;0;01/09/2021;18;1;1;01/09/2021 18:03:25;;0,00;8,57;-8,57;HLZW79;;30533759;0;0
96711420;77130027;UN04;202109;1,00;376;104;0;01/09/2021;18;2;1;01/09/2021 18:12:19;01/09/2021 18:03:25;8,90;8,57;0,33;JXWH40;HLZW79;30534263;0;0
96711420;77130027;UN04;202109;1,00;376;104;0;01/09/2021;18;3;1;01/09/2021 18:18:48;01/09/2021 18:12:19;6,48;8,57;-2,09;GPGH32;JXWH40;30534686;0;0
96711420;77130027;UN04;202109;1,00;376;104;0;01/09/2021;18;4;1;01/09/2021 18:26:21;01/09/2021 18:18:48;7,55;8,57;-1,02;XW8291;GPGH32;30535102;0;0
96711420;77130027;UN04;202109;1,00;376;104;0;01/09/2021;18;5;1;01/09/2021 18:30:19;01/09/2021 18:26:21;3,97;8,57;-4,60;HYYY47;XW8291;30535400;0;0
96711420;77130027;UN04;202109;1,00;376;104;0;01/09/2021;18;6;1;01/09/2021 18:40:47;01/09/2021 18:30:19;10,47;8,57;1,90;ZP9696;HYYY47;30536006;0;0
96711420;77130027;UN04;202109;0,25;376;104;0;01/09/2021;18;7;1;01/09/2021 18:56:53;01/09/2021 18:40:47;16,10;8,57;7,53;HSKJ30;ZP9696;30536936;0;0
96711420;77130027;UN04;202109;1,00;376;104;1;01/09/2021;18;1;1;01/09/2021 18:04:20;01/09/2021 17:59:12;5,13;6,67;-1,54;HWHH92;JSWB56;30533543;0;0
96711420;77130027;UN04;202109;1,00;376;104;1;01/09/2021;18;2;1;01/09/2021 18:11:48;01/09/2021 18:04:20;7,47;6,67;0,80;FXRR73;HWHH92;30534069;0;0
96711420;77130027;UN04;202109;1,00;376;104;1;01/09/2021;18;3;1;01/09/2021 18:16:50;01/09/2021 18:11:48;5,03;6,67;-1,64;DPYV64;FXRR73;30534569;0;0
96711420;77130027;UN04;202109;0,50;376;104;1;01/09/2021;18;4;1;01/09/2021 18:27:16;01/09/2021 18:16:50;10,43;6,67;3,76;GFZR40;DPYV64;30535079;0;0
96711420;77130027;UN04;202109;0,00;376;104;1;01/09/2021;18;5;1;01/09/2021 18:41:50;01/09/2021 18:27:16;14,57;6,67;7,90;HYCZ32;GFZR40;30536084;0;0
96711420;77130027;UN04;202109;1,00;376;104;1;01/09/2021;18;6;1;01/09/2021 18:47:09;01/09/2021 18:41:50;5,32;6,67;-1,35;FCVW21;HYCZ32;30536395;0;0
96711420;77130027;UN04;202109;0,00;376;104;0;01/09/2021;18;1;2;01/09/2021 18:07:55;;0,00;8,57;-8,57;HLZW79;;30533759;0;0
96711420;77130027;UN04;202109;0,75;376;104;0;01/09/2021;18;2;2;01/09/2021 18:19:48;01/09/2021 18:07:55;11,88;8,57;3,31;JXWH40;HLZW79;30534263;0;0
96711420;77130027;UN04;202109;1,00;376;104;0;01/09/2021;18;3;2;01/09/2021 18:26:16;01/09/2021 18:19:48;6,47;8,57;-2,10;GPGH32;JXWH40;30534686;0;0
96711420;77130027;UN04;202109;1,00;376;104;0;01/09/2021;18;4;2;01/09/2021 18:32:51;01/09/2021 18:26:16;6,58;8,57;-1,99;XW8291;GPGH32;30535102;0;0
96711420;77130027;UN04;202109;1,00;376;104;0;01/09/2021;18;5;2;01/09/2021 18:34:47;01/09/2021 18:32:51;1,93;8,57;-6,64;HYYY47;XW8291;30535400;0;0
96711420;77130027;UN04;202109;0,75;376;104;0;01/09/2021;18;6;2;01/09/2021 18:46:16;01/09/2021 18:34:47;11,48;8,57;2,91;ZP9696;HYYY47;30536006;0;0
96711420;77130027;UN04;202109;0,50;376;104;0;01/09/2021;18;7;2;01/09/2021 19:00:23;01/09/2021 18:46:16;14,12;8,57;5,55;HSKJ30;ZP9696;30536936;0;0
96711420;77130027;UN04;202109;1,00;376;104;1;01/09/2021;18;1;2;01/09/2021 18:13:48;01/09/2021 18:09:22;4,43;6,67;-2,24;HWHH92;JSWB56;30533543;0;0
96711420;77130027;UN04;202109;1,00;376;104;1;01/09/2021;18;2;2;01/09/2021 18:19:52;01/09/2021 18:13:48;6,07;6,67;-0,60;FXRR73;HWHH92;30534069;0;0
96711420;77130027;UN04;202109;1,00;376;104;1;01/09/2021;18;3;2;01/09/2021 18:25:24;01/09/2021 18:19:52;5,53;6,67;-1,14;DPYV64;FXRR73;30534569;0;0
96711420;77130027;UN04;202109;0,75;376;104;1;01/09/2021;18;4;2;01/09/2021 18:34:16;01/09/2021 18:25:24;8,87;6,67;2,20;GFZR40;DPYV64;30535079;0;0
96711420;77130027;UN04;202109;0,00;376;104;1;01/09/2021;18;5;2;01/09/2021 18:49:46;01/09/2021 18:34:16;15,50;6,67;8,83;HYCZ32;GFZR40;30536084;0;0
96711420;77130027;UN04;202109;1,00;376;104;1;01/09/2021;18;6;2;01/09/2021 18:54:22;01/09/2021 18:49:46;4,60;6,67;-2,07;FCVW21;HYCZ32;30536395;0;0
96711420;77130027;UN04;202109;0,00;376;104;0;01/09/2021;17;1;18;01/09/2021 18:36:21;;0,00;6,67;-6,67;HYCZ32;;30530188;0;0
96711420;77130027;UN04;202109;0,00;376;104;0;01/09/2021;17;2;18;01/09/2021 19:23:15;01/09/2021 18:36:21;46,90;6,67;40,23;JJYW74;HYCZ32;30532614;0;0
96711420;77130027;UN04;202109;0,50;376;104;0;01/09/2021;17;3;18;01/09/2021 19:34:46;01/09/2021 19:23:15;11,52;6,67;4,85;JCGC63;JJYW74;30533005;0;0
96711420;77130027;UN04;202109;0,50;376;104;0;01/09/2021;17;4;18;01/09/2021 19:46:10;01/09/2021 19:34:46;11,40;6,67;4,73;JRKG10;JCGC63;30533281;0;0
96711420;77130027;UN04;202109;1,00;376;104;1;01/09/2021;17;1;29;01/09/2021 18:53:22;01/09/2021 18:46:50;6,53;6,67;-0,14;JDYK21;JWYJ53;30529911;0;0
96711420;77130027;UN04;202109;0,00;376;104;1;01/09/2021;17;2;29;01/09/2021 19:06:47;01/09/2021 18:53:22;13,42;6,67;6,75;XY1830;JDYK21;30530303;0;0
96711420;77130027;UN04;202109;1,00;376;104;1;01/09/2021;17;3;29;01/09/2021 19:10:16;01/09/2021 19:06:47;3,48;6,67;-3,19;YB7798;XY1830;30530729;0;0
96711420;77130027;UN04;202109;0,75;376;104;1;01/09/2021;17;4;29;01/09/2021 19:19:50;01/09/2021 19:10:16;9,57;6,67;2,90;LBFZ50;YB7798;30531502;0;0
96711420;77130027;UN04;202109;1,00;376;104;1;01/09/2021;17;5;29;01/09/2021 19:25:49;01/09/2021 19:19:50;5,98;6,67;-0,69;FXZW67;LBFZ50;30531930;0;0
96711420;77130027;UN04;202109;1,00;376;104;1;01/09/2021;17;6;29;01/09/2021 19:27:49;01/09/2021 19:25:49;2,00;6,67;-4,67;LVKR46;FXZW67;30532195;0;0
96711420;77130027;UN04;202109;0,75;376;104;1;01/09/2021;17;7;29;01/09/2021 19:36:51;01/09/2021 19:27:49;9,03;6,67;2,36;XY9706;LVKR46;30532611;0;0
96711420;77130027;UN04;202109;0,50;376;104;1;01/09/2021;17;8;29;01/09/2021 19:48:24;01/09/2021 19:36:51;11,55;6,67;4,88;JSWB56;XY9706;30533517;0;0
96711420;77130027;UN04;202109;0,00;376;104;0;01/09/2021;19;1;1;01/09/2021 19:15:19;;0,00;10,00;-10,00;ZR1738;;30538013;0;0
96711420;77130027;UN04;202109;1,00;376;104;0;01/09/2021;19;2;1;01/09/2021 19:21:19;01/09/2021 19:15:19;6,00;10,00;-4,00;FJZY74;ZR1738;30538376;0;0
96711420;77130027;UN04;202109;0,75;376;104;0;01/09/2021;19;3;1;01/09/2021 19:34:47;01/09/2021 19:21:19;13,47;10,00;3,47;XY1830;FJZY74;30539182;0;0
96711420;77130027;UN04;202109;0,00;376;104;0;01/09/2021;19;4;1;01/09/2021 19:55:47;01/09/2021 19:34:47;21,00;10,00;11,00;YB7798;XY1830;30540471;0;0
96711420;77130027;UN04;202109;0,00;376;104;0;01/09/2021;19;1;2;01/09/2021 19:19:51;;0,00;10,00;-10,00;ZR1738;;30538013;0;0
96711420;77130027;UN04;202109;1,00;376;104;0;01/09/2021;19;2;2;01/09/2021 19:25:21;01/09/2021 19:19:51;5,50;10,00;-4,50;FJZY74;ZR1738;30538376;0;0
96711420;77130027;UN04;202109;0,50;376;104;0;01/09/2021;19;3;2;01/09/2021 19:40:54;01/09/2021 19:25:21;15,55;10,00;5,55;XY1830;FJZY74;30539182;0;0
96711420;77130027;UN04;202109;0,25;376;104;0;01/09/2021;19;4;2;01/09/2021 19:59:47;01/09/2021 19:40:54;18,88;10,00;8,88;YB7798;XY1830;30540471;0;0
96711420;77130027;UN04;202109;0,00;376;104;1;01/09/2021;19;1;1;01/09/2021 19:23:46;;0,00;8,57;-8,57;JWTG29;;30538610;0;0
96711420;77130027;UN04;202109;1,00;376;104;1;01/09/2021;19;2;1;01/09/2021 19:24:20;01/09/2021 19:23:46;0,57;8,57;-8,00;JJYW74;JWTG29;30538645;0;0
96711420;77130027;UN04;202109;0,75;376;104;1;01/09/2021;19;3;1;01/09/2021 19:36:49;01/09/2021 19:24:20;12,48;8,57;3,91;JCGC63;JJYW74;30539363;0;0
96711420;77130027;UN04;202109;0,75;376;104;1;01/09/2021;19;4;1;01/09/2021 19:48:21;01/09/2021 19:36:49;11,53;8,57;2,96;JRKG10;JCGC63;30540056;0;0
96711420;77130027;UN04;202109;1,00;376;104;1;01/09/2021;19;5;1;01/09/2021 19:58:19;01/09/2021 19:48:21;9,97;8,57;1,40;HLZW79;JRKG10;30540502;0;0
96711420;77130027;UN04;202109;0,00;376;104;1;01/09/2021;19;1;2;01/09/2021 19:28:47;;0,00;8,57;-8,57;JWTG29;;30538610;0;0
96711420;77130027;UN04;202109;1,00;376;104;1;01/09/2021;19;2;2;01/09/2021 19:36:25;01/09/2021 19:28:47;7,63;8,57;-0,94;JJYW74;JWTG29;30538645;0;0
96711420;77130027;UN04;202109;1,00;376;104;1;01/09/2021;19;3;2;01/09/2021 19:44:47;01/09/2021 19:36:25;8,37;8,57;-0,20;JCGC63;JJYW74;30539363;0;0
96711420;77130027;UN04;202109;1,00;376;104;1;01/09/2021;19;4;2;01/09/2021 19:53:50;01/09/2021 19:44:47;9,05;8,57;0,48;JRKG10;JCGC63;30540056;0;0
96711420;77130027;UN04;202109;1,00;376;104;1;01/09/2021;19;5;2;01/09/2021 20:04:16;01/09/2021 19:53:50;10,43;8,57;1,86;HLZW79;JRKG10;30540502;0;0
96711420;77130027;UN04;202109;1,00;376;104;1;01/09/2021;18;1;29;01/09/2021 19:52:48;01/09/2021 19:48:24;4,40;6,67;-2,27;HWHH92;JSWB56;30533543;0;0
96711420;77130027;UN04;202109;1,00;376;104;1;01/09/2021;18;2;29;01/09/2021 19:54:23;01/09/2021 19:52:48;1,58;6,67;-5,09;FXRR73;HWHH92;30534069;0;0
96711420;77130027;UN04;202109;1,00;376;104;1;01/09/2021;18;3;29;01/09/2021 19:59:23;01/09/2021 19:54:23;5,00;6,67;-1,67;DPYV64;FXRR73;30534569;0;0
96711420;77130027;UN04;202109;0,25;376;104;1;01/09/2021;18;4;29;01/09/2021 20:11:16;01/09/2021 19:59:23;11,88;6,67;5,21;GFZR40;DPYV64;30535079;0;0
96711420;77130027;UN04;202109;1,00;376;104;1;01/09/2021;18;5;29;01/09/2021 20:16:47;01/09/2021 20:11:16;5,52;6,67;-1,15;HYCZ32;GFZR40;30536084;0;0
96711420;77130027;UN04;202109;0,75;376;104;1;01/09/2021;18;6;29;01/09/2021 20:26:20;01/09/2021 20:16:47;9,55;6,67;2,88;FCVW21;HYCZ32;30536395;0;0
96711420;77130027;UN04;202109;0,00;376;104;0;01/09/2021;18;1;18;01/09/2021 19:53:17;;0,00;8,57;-8,57;JXWH40;;30534263;0;0
96711420;77130027;UN04;202109;1,00;376;104;0;01/09/2021;18;2;18;01/09/2021 19:53:47;01/09/2021 19:53:17;0,50;8,57;-8,07;HLZW79;JXWH40;30533759;0;0
96711420;77130027;UN04;202109;1,00;376;104;0;01/09/2021;18;3;18;01/09/2021 19:57:14;01/09/2021 19:53:47;3,45;8,57;-5,12;XW8291;HLZW79;30535102;0;0
96711420;77130027;UN04;202109;1,00;376;104;0;01/09/2021;18;4;18;01/09/2021 20:01:20;01/09/2021 19:57:14;4,10;8,57;-4,47;GPGH32;XW8291;30534686;0;0
96711420;77130027;UN04;202109;1,00;376;104;0;01/09/2021;18;5;18;01/09/2021 20:03:39;01/09/2021 20:01:20;2,32;8,57;-6,25;HYYY47;GPGH32;30535400;0;0
96711420;77130027;UN04;202109;0,25;376;104;0;01/09/2021;18;6;18;01/09/2021 20:20:45;01/09/2021 20:03:39;17,10;8,57;8,53;ZP9696;HYYY47;30536006;0;0
96711420;77130027;UN04;202109;1,00;376;104;0;01/09/2021;18;7;18;01/09/2021 20:30:20;01/09/2021 20:20:45;9,58;8,57;1,01;HSKJ30;ZP9696;30536936;0;0
96711420;77130027;UN04;202109;1,00;376;104;1;01/09/2021;20;1;1;01/09/2021 20:01:23;01/09/2021 19:58:19;3,07;10,00;-6,93;XW8291;HLZW79;30540717;0;0
96711420;77130027;UN04;202109;1,00;376;104;1;01/09/2021;20;2;1;01/09/2021 20:02:39;01/09/2021 20:01:23;1,27;10,00;-8,73;GPGH32;XW8291;30540922;0;0
96711420;77130027;UN04;202109;0,25;376;104;1;01/09/2021;20;3;1;01/09/2021 20:22:20;01/09/2021 20:02:39;19,68;10,00;9,68;ZP9696;GPGH32;30542127;0;0
96711420;77130027;UN04;202109;1,00;376;104;1;01/09/2021;20;4;1;01/09/2021 20:27:16;01/09/2021 20:22:20;4,93;10,00;-5,07;GWZK23;ZP9696;30542309;0;0
96711420;77130027;UN04;202109;0,00;376;104;1;01/09/2021;20;1;2;01/09/2021 20:06:47;;0,00;10,00;-10,00;GPGH32;;30540922;0;0
96711420;77130027;UN04;202109;1,00;376;104;1;01/09/2021;20;2;2;01/09/2021 20:09:49;01/09/2021 20:04:16;5,55;10,00;-4,45;XW8291;HLZW79;30540717;0;0
96711420;77130027;UN04;202109;0,50;376;104;1;01/09/2021;20;3;2;01/09/2021 20:26:50;01/09/2021 20:09:49;17,02;10,00;7,02;ZP9696;XW8291;30542127;0;0
96711420;77130027;UN04;202109;1,00;376;104;1;01/09/2021;20;4;2;01/09/2021 20:33:49;01/09/2021 20:26:50;6,98;10,00;-3,02;GWZK23;ZP9696;30542309;0;0
96711420;77130027;UN04;202109;0,00;376;104;0;01/09/2021;19;1;18;01/09/2021 20:48:35;;0,00;10,00;-10,00;ZR1738;;30538013;0;0
96711420;77130027;UN04;202109;1,00;376;104;0;01/09/2021;19;2;18;01/09/2021 20:56:50;01/09/2021 20:48:35;8,25;10,00;-1,75;FJZY74;ZR1738;30538376;0;0
96711420;77130027;UN04;202109;1,00;376;104;0;01/09/2021;19;3;18;01/09/2021 21:09:08;01/09/2021 20:56:50;12,30;10,00;2,30;XY1830;FJZY74;30539182;0;0
96711420;77130027;UN04;202109;0,00;376;104;0;01/09/2021;19;4;18;01/09/2021 21:29:18;01/09/2021 21:09:08;20,17;10,00;10,17;YB7798;XY1830;30540471;0;0
96711420;77130027;UN04;202109;0,00;376;104;1;01/09/2021;19;1;29;01/09/2021 20:51:16;;0,00;8,57;-8,57;JWTG29;;30538610;0;0
96711420;77130027;UN04;202109;0,50;376;104;1;01/09/2021;19;2;29;01/09/2021 21:04:47;01/09/2021 20:51:16;13,52;8,57;4,95;JJYW74;JWTG29;30538645;0;0
96711420;77130027;UN04;202109;1,00;376;104;1;01/09/2021;19;3;29;01/09/2021 21:15:17;01/09/2021 21:04:47;10,50;8,57;1,93;JCGC63;JJYW74;30539363;0;0
96711420;77130027;UN04;202109;0,75;376;104;1;01/09/2021;19;4;29;01/09/2021 21:26:46;01/09/2021 21:15:17;11,48;8,57;2,91;HLZW79;JCGC63;30540502;0;0
96711420;77130027;UN04;202109;1,00;376;104;1;01/09/2021;19;5;29;01/09/2021 21:26:49;01/09/2021 21:26:46;0,05;8,57;-8,52;JRKG10;HLZW79;30540056;0;0
96711420;77130027;UN04;202109;0,00;376;104;1;01/09/2021;21;1;1;01/09/2021 21:11:49;;0,00;12,00;-12,00;XY1830;;30545039;0;0
96711420;77130027;UN04;202109;0,50;376;104;1;01/09/2021;21;2;1;01/09/2021 21:31:11;01/09/2021 21:11:49;19,37;12,00;7,37;YB7798;XY1830;30546232;0;0
96711420;77130027;UN04;202109;0,00;376;104;1;01/09/2021;21;1;2;01/09/2021 21:18:17;;0,00;12,00;-12,00;XY1830;;30545039;0;0
96711420;77130027;UN04;202109;0,25;376;104;1;01/09/2021;21;2;2;01/09/2021 21:39:24;01/09/2021 21:18:17;21,12;12,00;9,12;YB7798;XY1830;30546232;0;0
96711420;77130027;UN04;202109;0,00;376;104;1;01/09/2021;20;1;29;01/09/2021 21:28:48;;0,00;10,00;-10,00;GPGH32;;30540922;0;0
96711420;77130027;UN04;202109;1,00;376;104;1;01/09/2021;20;2;29;01/09/2021 21:37:50;01/09/2021 21:26:49;11,02;10,00;1,02;XW8291;JRKG10;30540717;0;0
96711420;77130027;UN04;202109;0,75;376;104;1;01/09/2021;20;3;29;01/09/2021 21:50:46;01/09/2021 21:37:50;12,93;10,00;2,93;ZP9696;XW8291;30542127;0;0
96711420;77130027;UN04;202109;1,00;376;104;1;01/09/2021;20;4;29;01/09/2021 21:58:49;01/09/2021 21:50:46;8,05;10,00;-1,95;GWZK23;ZP9696;30542309;0;0
96711420;77130027;UN04;202109;0,00;376;104;1;01/09/2021;21;1;29;01/09/2021 22:40:48;;0,00;12,00;-12,00;XY1830;;30545039;0;0
96711420;77130027;UN04;202109;0,00;376;104;1;01/09/2021;21;2;29;01/09/2021 23:06:46;01/09/2021 22:40:48;25,97;12,00;13,97;YB7798;XY1830;30546232;0;0
